"","division_local_name","code","division_code","name","state","pop","area","density","division_eng_name","gdp","gdppc","staet_abbr","mu","y0to5","y6to14","y15to24","y25to39","y40to59","y60","yunder15","urban","rural","income_mean","income_median"
"1","Alagoas",270030,27,"Arapiraca","AL",233047,345.65,674.22,"Alagoas",3974580,19389.15,"AL","Arapiraca",0.101,0.174,0.195,0.241,0.198,0.092,0.275,0.848,0.152,729,493
"2","Alagoas",270430,27,"Maceió","AL",1025360,509.32,2013.19,"Alagoas",19099951,22126.34,"AL","Maceió",0.093,0.157,0.184,0.26,0.222,0.085,0.25,0.999,0.001,729,493
"3","Amapá",160030,16,"Macapá","AP",512902,6563.85,78.14,"Amapa",10065508,22181.72,"AP","Macapá",0.118,0.194,0.213,0.261,0.164,0.052,0.312,0.957,0.043,874,500
"4","Amapá",160060,16,"Santana","AP",123096,1541.22,79.87,"Amapa",1943437,17307.11,"AP","Santana",0.123,0.207,0.223,0.244,0.148,0.055,0.33,0.979,0.021,874,500
"5","Amazonas",130190,13,"Itacoatiara","AM",102701,8891.91,11.55,"Amazonas",1773098,18818.5,"AM","Itacoatiara",0.137,0.219,0.194,0.22,0.157,0.073,0.356,0.67,0.33,838,475
"6","Amazonas",130260,13,"Manaus","AM",2219580,11401.09,194.68,"Amazonas",63229972,36445.75,"AM","Manaus",0.109,0.174,0.198,0.273,0.187,0.06,0.283,0.995,0.005,838,475
"7","Amazonas",130340,13,"Parintins","AM",115363,5956.05,19.37,"Amazonas",1072470,9890.96,"AM","Parintins",0.14,0.236,0.204,0.203,0.147,0.07,0.376,0.685,0.315,838,475
"8","Bahia",290070,29,"Alagoinhas","BA",152327,707.84,215.2,"Bahia",3113907,26272.95,"BA","Alagoinhas",0.084,0.149,0.184,0.264,0.215,0.104,0.233,0.874,0.126,912,532
"9","Bahia",290320,29,"Barreiras","BA",156975,8051.27,19.5,"Bahia",4329060,30842.2,"BA","Barreiras",0.103,0.166,0.208,0.271,0.188,0.064,0.269,0.9,0.1,912,532
"10","Bahia",290570,29,"Camaçari","BA",304302,785.42,387.44,"Bahia",17500514,81105.66,"BA","Camaçari",0.098,0.159,0.194,0.291,0.2,0.059,0.257,0.955,0.045,912,532
"11","Bahia",291072,29,"Eunápolis","BA",114396,1425.97,80.22,"Bahia",2553612,25735.13,"BA","Eunápolis",0.101,0.174,0.186,0.257,0.198,0.083,0.275,0.932,0.068,912,532
"12","Bahia",291080,29,"Feira de Santana","BA",619609,1304.42,475.01,"Bahia",12501471,24074.06,"BA","Feira de Santana",0.089,0.152,0.189,0.273,0.21,0.087,0.241,0.917,0.083,912,532
"13","Bahia",291360,29,"Ilhéus","BA",159923,1588.56,100.67,"Bahia",3601699,25829.06,"BA","Ilhéus",0.092,0.16,0.179,0.243,0.223,0.103,0.252,0.843,0.157,912,532
"14","Bahia",291480,29,"Itabuna","BA",213685,401.03,532.84,"Bahia",3641893,19184.77,"BA","Itabuna",0.083,0.145,0.182,0.253,0.228,0.11,0.228,0.976,0.025,912,532
"15","Bahia",291800,29,"Jequié","BA",156126,2969.04,52.58,"Bahia",2349362,16887.27,"BA","Jequié",0.09,0.152,0.185,0.248,0.211,0.114,0.242,0.918,0.082,912,532
"16","Bahia",291840,29,"Juazeiro","BA",218162,6721.24,32.46,"Bahia",3570514,19032.14,"BA","Juazeiro",0.106,0.173,0.195,0.255,0.191,0.079,0.279,0.812,0.188,912,532
"17","Bahia",291920,29,"Lauro de Freitas","BA",201635,58.04,3473.89,"Bahia",5512544,33059.94,"BA","Lauro de Freitas",0.088,0.151,0.178,0.292,0.219,0.072,0.239,1,0,912,532
"18","Bahia",292400,29,"Paulo Afonso","BA",118516,1544.39,76.74,"Bahia",3302634,29723.43,"BA","Paulo Afonso",0.096,0.163,0.184,0.247,0.206,0.105,0.259,0.862,0.138,912,532
"19","Bahia",292530,29,"Porto Seguro","BA",150658,2285.73,65.91,"Bahia",2888160,21317.76,"BA","Porto Seguro",0.115,0.191,0.186,0.272,0.18,0.055,0.306,0.82,0.18,912,532
"20","Bahia",292740,29,"Salvador","BA",2886698,693.45,4162.79,"Bahia",55161317,22232.68,"BA","Salvador",0.074,0.132,0.175,0.287,0.239,0.093,0.206,1,0,912,532
"21","Bahia",292870,29,"Santo Antônio de Jesus","BA",102380,261.74,391.15,"Bahia",1877910,21629.28,"BA","Santo Antônio de Jesus",0.086,0.148,0.188,0.277,0.211,0.09,0.234,0.872,0.128,912,532
"22","Bahia",293070,29,"Simões Filho","BA",135783,201.42,674.14,"Bahia",4628402,43740.28,"BA","Simões Filho",0.102,0.17,0.19,0.28,0.195,0.064,0.272,0.896,0.104,912,532
"23","Bahia",293135,29,"Teixeira de Freitas","BA",162438,1165.62,139.36,"Bahia",2302355,16319.99,"BA","Teixeira de Freitas",0.1,0.166,0.191,0.251,0.205,0.088,0.266,0.934,0.066,912,532
"24","Bahia",293330,29,"Vitória da Conquista","BA",341128,3254.19,104.83,"Bahia",6170915,20761.05,"BA","Vitória da Conquista",0.093,0.157,0.187,0.254,0.21,0.1,0.25,0.895,0.105,912,532
"25","Ceará",230370,23,"Caucaia","CE",365212,1223.25,298.56,"Ceara",4336783,13944.16,"CE","Caucaia",0.097,0.176,0.207,0.244,0.201,0.076,0.273,0.892,0.108,939,529
"26","Ceará",230420,23,"Crato","CE",133031,1138.15,116.88,"Ceara",1237762,10262.41,"CE","Crato",0.094,0.162,0.198,0.238,0.197,0.11,0.256,0.831,0.169,939,529
"27","Ceará",230440,23,"Fortaleza","CE",2686612,312.35,8601.2,"Ceara",57592882,25356.73,"CE","Fortaleza",0.083,0.143,0.194,0.259,0.224,0.097,0.226,1,0,939,529
"28","Ceará",230550,23,"Iguatu","CE",103074,992.21,103.88,"Ceara",1430910,15624.21,"CE","Iguatu",0.09,0.146,0.188,0.233,0.215,0.128,0.236,0.773,0.227,939,529
"29","Ceará",230640,23,"Itapipoca","CE",130539,1600.36,81.57,"Ceara",1483354,12863.49,"CE","Itapipoca",0.109,0.19,0.207,0.223,0.173,0.099,0.299,0.577,0.424,939,529
"30","Ceará",230730,23,"Juazeiro do Norte","CE",276264,258.79,1067.53,"Ceara",4299306,17725.62,"CE","Juazeiro do Norte",0.099,0.169,0.2,0.243,0.185,0.106,0.268,0.961,0.039,939,529
"31","Ceará",230765,23,"Maracanaú","CE",229458,105.07,2183.84,"Ceara",8535703,46240.54,"CE","Maracanaú",0.094,0.163,0.208,0.254,0.204,0.076,0.257,0.993,0.007,939,529
"32","Ceará",230770,23,"Maranguape","CE",130346,583.5,223.38,"Ceara",1312318,11788.59,"CE","Maranguape",0.097,0.171,0.213,0.236,0.191,0.093,0.268,0.76,0.24,939,529
"33","Ceará",231290,23,"Sobral","CE",210711,2068.47,101.87,"Ceara",4196612,23104.7,"CE","Sobral",0.092,0.169,0.219,0.247,0.186,0.088,0.261,0.884,0.117,939,529
"34","Distrito Federal",530010,53,"Brasília","DF",3055149,5760.78,530.34,"Federal District",226124917,85661.39,"DF","Brasília",0.089,0.148,0.182,0.286,0.219,0.077,0.237,0.966,0.034,2599,1392
"35","Espírito Santo",320060,32,"Aracruz","ES",103101,1420.29,72.59,"Espirito Santo",4686027,53275.98,"ES","Aracruz",0.094,0.159,0.192,0.254,0.219,0.082,0.253,0.873,0.127,1440,899
"36","Espírito Santo",320120,32,"Cachoeiro de Itapemirim","ES",210589,864.58,243.57,"Espirito Santo",4396062,23955.74,"ES","Cachoeiro de Itapemirim",0.081,0.14,0.175,0.245,0.249,0.111,0.221,0.914,0.086,1440,899
"37","Espírito Santo",320130,32,"Cariacica","ES",383917,279.72,1372.51,"Espirito Santo",7288191,25849.32,"ES","Cariacica",0.091,0.153,0.181,0.256,0.229,0.09,0.244,0.968,0.032,1440,899
"38","Espírito Santo",320150,32,"Colatina","ES",123400,1398.22,88.26,"Espirito Santo",3079840,28661.78,"ES","Colatina",0.071,0.133,0.176,0.246,0.258,0.116,0.204,0.88,0.12,1440,899
"39","Espírito Santo",320240,32,"Guarapari","ES",126701,589.83,214.81,"Espirito Santo",2105925,18759.57,"ES","Guarapari",0.085,0.152,0.17,0.247,0.238,0.108,0.237,0.955,0.045,1440,899
"40","Espírito Santo",320320,32,"Linhares","ES",176688,3496.26,50.54,"Espirito Santo",5304956,35738.53,"ES","Linhares",0.096,0.159,0.187,0.258,0.214,0.086,0.255,0.86,0.14,1440,899
"41","Espírito Santo",320490,32,"São Mateus","ES",132642,2346.05,56.54,"Espirito Santo",2195927,18764.1,"ES","São Mateus",0.092,0.166,0.188,0.247,0.222,0.085,0.258,0.775,0.225,1440,899
"42","Espírito Santo",320500,32,"Serra","ES",527240,547.63,962.77,"Espirito Santo",18021886,45544.8,"ES","Serra",0.095,0.156,0.187,0.268,0.222,0.071,0.251,0.993,0.007,1440,899
"43","Espírito Santo",320520,32,"Vila Velha","ES",501325,210.22,2384.71,"Espirito Santo",10064300,24936.1,"ES","Vila Velha",0.077,0.132,0.172,0.257,0.254,0.107,0.209,0.995,0.005,1440,899
"44","Espírito Santo",320530,32,"Vitória","ES",365855,97.12,3766.92,"Espirito Santo",20480276,73632.55,"ES","Vitória",0.072,0.121,0.173,0.256,0.258,0.12,0.193,1,0,1440,899
"45","Goiás",520025,52,"Águas Lindas de Goiás","GO",217698,192.39,1131.53,"Goias",1738794,9100.34,"GO","Águas Lindas de Goiás",0.12,0.199,0.194,0.28,0.17,0.038,0.319,0.999,0.002,1284,933
"46","Goiás",520110,52,"Anápolis","GO",391772,934.15,419.39,"Goias",12014493,37277.1,"GO","Anápolis",0.085,0.149,0.18,0.251,0.236,0.099,0.234,0.983,0.018,1284,933
"47","Goiás",520140,52,"Aparecida de Goiânia","GO",590146,278.54,2118.72,"Goias",11509314,23439.72,"GO","Aparecida de Goiânia",0.099,0.16,0.195,0.281,0.205,0.061,0.259,0.999,0.001,1284,933
"48","Goiás",520510,52,"Catalão","GO",110983,3817.93,29.07,"Goias",4810244,57291.37,"GO","Catalão",0.082,0.133,0.179,0.269,0.241,0.096,0.215,0.936,0.064,1284,933
"49","Goiás",520800,52,"Formosa","GO",123684,5813.64,21.27,"Goias",2077148,19525.95,"GO","Formosa",0.096,0.172,0.192,0.262,0.201,0.077,0.268,0.919,0.081,1284,933
"50","Goiás",520870,52,"Goiânia","GO",1536097,728.84,2107.59,"Goias",42719624,33004.01,"GO","Goiânia",0.078,0.13,0.187,0.274,0.235,0.096,0.208,0.996,0.004,1284,933
"51","Goiás",521150,52,"Itumbiara","GO",105809,2453.84,43.12,"Goias",3729865,40399.72,"GO","Itumbiara",0.078,0.133,0.166,0.249,0.256,0.119,0.211,0.958,0.042,1284,933
"52","Goiás",521190,52,"Jataí","GO",102065,7174.22,14.23,"Goias",4174382,46149.26,"GO","Jataí",0.089,0.149,0.175,0.257,0.225,0.105,0.238,0.921,0.08,1284,933
"53","Goiás",521250,52,"Luziânia","GO",211508,3961.1,53.4,"Goias",3266925,17452.11,"GO","Luziânia",0.109,0.185,0.189,0.264,0.19,0.065,0.294,0.933,0.067,1284,933
"54","Goiás",521523,52,"Novo Gama","GO",117703,194.59,604.89,"Goias",890360,8403.19,"GO","Novo Gama",0.116,0.188,0.193,0.274,0.179,0.05,0.304,0.989,0.011,1284,933
"55","Goiás",521880,52,"Rio Verde","GO",241518,8386.83,28.8,"Goias",8521473,41815.21,"GO","Rio Verde",0.094,0.14,0.2,0.279,0.208,0.079,0.234,0.927,0.073,1284,933
"56","Goiás",522045,52,"Senador Canedo","GO",118451,248.29,477.07,"Goias",3185766,33324.44,"GO","Senador Canedo",0.104,0.173,0.2,0.27,0.195,0.058,0.277,0.996,0.004,1284,933
"57","Goiás",522140,52,"Trindade","GO",129823,710.33,182.76,"Goias",1899603,17166.28,"GO","Trindade",0.089,0.158,0.182,0.259,0.223,0.089,0.247,0.958,0.042,1284,933
"58","Goiás",522185,52,"Valparaíso de Goiás","GO",172135,60.95,2824.2,"Goias",2319106,15538.72,"GO","Valparaíso de Goiás",0.108,0.172,0.191,0.292,0.189,0.048,0.28,1,0,1284,933
"59","Maranhão",210005,21,"Açailândia","MA",113121,5808.3,19.48,"Maranhao",2379995,23289.73,"MA","Açailândia",0.118,0.193,0.207,0.244,0.171,0.067,0.311,0.752,0.248,637,406
"60","Maranhão",210120,21,"Bacabal","MA",104790,1683.08,62.26,"Maranhao",1020549,10881.15,"MA","Bacabal",0.113,0.183,0.195,0.23,0.182,0.098,0.296,0.779,0.222,637,406
"61","Maranhão",210300,21,"Caxias","MA",165525,5196.77,31.85,"Maranhao",1636887,11046.47,"MA","Caxias",0.114,0.184,0.196,0.22,0.18,0.105,0.298,0.764,0.236,637,406
"62","Maranhão",210330,21,"Codó","MA",123116,4361.34,28.23,"Maranhao",873569,7856.47,"MA","Codó",0.125,0.194,0.197,0.205,0.172,0.107,0.319,0.687,0.313,637,406
"63","Maranhão",210530,21,"Imperatriz","MA",259337,1368.99,189.44,"Maranhao",6318058,27621.33,"MA","Imperatriz",0.1,0.17,0.203,0.255,0.189,0.082,0.27,0.948,0.052,637,406
"64","Maranhão",210750,21,"Paço do Lumiar","MA",123747,126.8,975.9,"Maranhao",870916,7733.25,"MA","Paço do Lumiar",0.099,0.167,0.205,0.277,0.19,0.062,0.266,0.75,0.25,637,406
"65","Maranhão",211120,21,"São José de Ribamar","MA",179028,180.23,993.31,"Maranhao",1953046,12366.97,"MA","São José de Ribamar",0.105,0.171,0.214,0.267,0.182,0.062,0.276,0.231,0.769,637,406
"66","Maranhão",211130,21,"São Luís","MA",1108975,582.97,1902.27,"Maranhao",27190520,30699.57,"MA","São Luís",0.089,0.148,0.209,0.275,0.203,0.077,0.237,0.945,0.056,637,406
"67","Maranhão",211220,21,"Timon","MA",170222,1764.61,96.46,"Maranhao",1670821,11120.68,"MA","Timon",0.106,0.184,0.197,0.246,0.182,0.085,0.29,0.869,0.131,637,406
"68","Mato Grosso",510340,51,"Cuiabá","MT",618124,3266.54,189.23,"Mato Grosso",20089996,39043.32,"MT","Cuiabá",0.089,0.141,0.19,0.271,0.228,0.081,0.23,0.981,0.019,1361,988
"69","Mato Grosso",510760,51,"Rondonópolis","MT",236042,4686.62,50.37,"Mato Grosso",9840489,49041.7,"MT","Rondonópolis",0.093,0.145,0.188,0.269,0.223,0.082,0.238,0.962,0.038,1361,988
"70","Mato Grosso",510790,51,"Sinop","MT",146005,3941.96,37.04,"Mato Grosso",5437652,45050.74,"MT","Sinop",0.099,0.165,0.196,0.27,0.213,0.058,0.264,0.829,0.171,1361,988
"71","Mato Grosso",510795,51,"Tangará da Serra","MT",105711,11601.21,9.11,"Mato Grosso",2850113,31823.37,"MT","Tangará da Serra",0.095,0.153,0.197,0.26,0.219,0.075,0.248,0.91,0.09,1361,988
"72","Mato Grosso",510840,51,"Várzea Grande","MT",287526,942.57,305.05,"Mato Grosso",6921368,28311.9,"MT","Várzea Grande",0.1,0.156,0.193,0.271,0.21,0.071,0.256,0.985,0.015,1361,988
"73","Mato Grosso do Sul",500270,50,"Campo Grande","MS",906092,8082.98,112.1,"Mato Grosso do Sul",25311987,32942.46,"MS","Campo Grande",0.087,0.139,0.184,0.255,0.236,0.099,0.226,0.987,0.013,1491,995
"74","Mato Grosso do Sul",500320,50,"Corumbá","MS",112058,64438.36,1.74,"Mato Grosso do Sul",2788156,27582.68,"MS","Corumbá",0.102,0.176,0.188,0.233,0.209,0.093,0.278,0.901,0.099,1491,995
"75","Mato Grosso do Sul",500370,50,"Dourados","MS",225495,4062.24,55.51,"Mato Grosso do Sul",7405466,38468.4,"MS","Dourados",0.093,0.151,0.187,0.251,0.228,0.091,0.244,0.923,0.077,1491,995
"76","Mato Grosso do Sul",500830,50,"Três Lagoas","MS",123281,10217.07,12.07,"Mato Grosso do Sul",10657078,96639.64,"MS","Três Lagoas",0.091,0.145,0.18,0.255,0.231,0.099,0.236,0.954,0.046,1491,995
"77","Minas Gerais",310350,31,"Araguari","MG",117825,2729.51,43.17,"Minas Gerais",4251631,39942.34,"MG","Araguari",0.075,0.13,0.166,0.238,0.261,0.131,0.205,0.934,0.066,1331,910
"78","Minas Gerais",310400,31,"Araxá","MG",107337,1164.06,92.21,"Minas Gerais",5329575,58774.85,"MG","Araxá",0.074,0.129,0.175,0.248,0.258,0.116,0.203,0.985,0.015,1331,910
"79","Minas Gerais",310560,31,"Barbacena","MG",138204,759.19,182.04,"Minas Gerais",2515077,20970.96,"MG","Barbacena",0.071,0.131,0.17,0.233,0.268,0.127,0.202,0.915,0.085,1331,910
"80","Minas Gerais",310620,31,"Belo Horizonte","MG",2521564,331.35,7609.88,"Minas Gerais",78918075,36759.66,"MG","Belo Horizonte",0.068,0.122,0.169,0.263,0.253,0.126,0.19,1,0,1331,910
"81","Minas Gerais",310670,31,"Betim","MG",444784,343.88,1293.41,"Minas Gerais",21281854,58911.58,"MG","Betim",0.09,0.159,0.188,0.267,0.226,0.071,0.249,0.993,0.007,1331,910
"82","Minas Gerais",311830,31,"Conselheiro Lafaiete","MG",129606,370.25,350.05,"Minas Gerais",1933015,16555.58,"MG","Conselheiro Lafaiete",0.075,0.131,0.176,0.244,0.259,0.114,0.206,0.955,0.045,1331,910
"83","Minas Gerais",311860,31,"Contagem","MG",668949,194.75,3434.98,"Minas Gerais",22916938,42077.02,"MG","Contagem",0.078,0.137,0.178,0.272,0.244,0.092,0.215,0.997,0.003,1331,910
"84","Minas Gerais",311940,31,"Coronel Fabriciano","MG",110290,221.25,498.48,"Minas Gerais",1557301,15566.54,"MG","Coronel Fabriciano",0.08,0.144,0.176,0.245,0.246,0.109,0.224,0.988,0.013,1331,910
"85","Minas Gerais",312230,31,"Divinópolis","MG",240408,708.12,339.5,"Minas Gerais",5667718,27388.18,"MG","Divinópolis",0.071,0.13,0.171,0.252,0.262,0.113,0.201,0.974,0.026,1331,910
"86","Minas Gerais",312770,31,"Governador Valadares","MG",281046,2342.32,119.99,"Minas Gerais",5588196,22278.79,"MG","Governador Valadares",0.083,0.151,0.177,0.237,0.235,0.117,0.234,0.961,0.039,1331,910
"87","Minas Gerais",312980,31,"Ibirité","MG",182153,72.39,2516.1,"Minas Gerais",2068542,12599.35,"MG","Ibirité",0.093,0.17,0.189,0.266,0.216,0.067,0.263,0.998,0.002,1331,910
"88","Minas Gerais",313130,31,"Ipatinga","MG",265409,164.88,1609.67,"Minas Gerais",10090541,43757.66,"MG","Ipatinga",0.08,0.137,0.183,0.256,0.249,0.095,0.217,0.99,0.01,1331,910
"89","Minas Gerais",313170,31,"Itabira","MG",120904,1253.7,96.44,"Minas Gerais",6381592,55544.11,"MG","Itabira",0.078,0.139,0.177,0.251,0.247,0.107,0.217,0.932,0.068,1331,910
"90","Minas Gerais",313420,31,"Ituiutaba","MG",105255,2598.05,40.51,"Minas Gerais",2449293,26615.14,"MG","Ituiutaba",0.073,0.127,0.167,0.233,0.253,0.147,0.2,0.958,0.042,1331,910
"91","Minas Gerais",313670,31,"Juiz de Fora","MG",573285,1435.75,399.29,"Minas Gerais",14465952,29988.91,"MG","Juiz de Fora",0.068,0.123,0.17,0.234,0.269,0.136,0.191,0.989,0.011,1331,910
"92","Minas Gerais",313820,31,"Lavras","MG",104783,564.74,185.54,"Minas Gerais",2306655,25458.79,"MG","Lavras",0.072,0.132,0.176,0.239,0.259,0.122,0.204,0.953,0.047,1331,910
"93","Minas Gerais",314330,31,"Montes Claros","MG",413487,3589.81,115.18,"Minas Gerais",8381420,23323.68,"MG","Montes Claros",0.086,0.149,0.197,0.26,0.217,0.091,0.235,0.952,0.048,1331,910
"94","Minas Gerais",314390,31,"Muriaé","MG",109392,841.69,129.97,"Minas Gerais",1965268,19884.4,"MG","Muriaé",0.074,0.133,0.172,0.238,0.255,0.129,0.207,0.925,0.075,1331,910
"95","Minas Gerais",314520,31,"Nova Serrana","MG",105520,282.47,373.56,"Minas Gerais",2117896,23734.99,"MG","Nova Serrana",0.101,0.145,0.237,0.295,0.175,0.047,0.246,0.946,0.054,1331,910
"96","Minas Gerais",314790,31,"Passos","MG",115337,1338.07,86.2,"Minas Gerais",2250839,21745.94,"MG","Passos",0.077,0.136,0.172,0.236,0.255,0.124,0.213,0.949,0.051,1331,910
"97","Minas Gerais",314800,31,"Patos de Minas","MG",153585,3190.46,48.14,"Minas Gerais",4186333,31066.32,"MG","Patos de Minas",0.07,0.133,0.173,0.242,0.263,0.119,0.203,0.921,0.079,1331,910
"98","Minas Gerais",315180,31,"Poços de Caldas","MG",168641,546.96,308.33,"Minas Gerais",6365717,46028.28,"MG","Poços de Caldas",0.072,0.126,0.163,0.248,0.258,0.133,0.198,0.976,0.024,1331,910
"99","Minas Gerais",315250,31,"Pouso Alegre","MG",152549,542.8,281.04,"Minas Gerais",6282529,51182.28,"MG","Pouso Alegre",0.075,0.136,0.174,0.253,0.254,0.109,0.211,0.916,0.084,1331,910
"100","Minas Gerais",315460,31,"Ribeirão das Neves","MG",338197,155.1,2180.44,"Minas Gerais",3590099,12392.14,"MG","Ribeirão das Neves",0.092,0.166,0.188,0.267,0.215,0.071,0.258,0.993,0.007,1331,910
"101","Minas Gerais",315670,31,"Sabará","MG",137125,302.45,453.38,"Minas Gerais",2688597,21561.12,"MG","Sabará",0.083,0.156,0.177,0.254,0.234,0.095,0.239,0.975,0.025,1331,910
"102","Minas Gerais",315780,31,"Santa Luzia","MG",220444,235.21,937.24,"Minas Gerais",3472309,18272.1,"MG","Santa Luzia",0.087,0.161,0.18,0.264,0.225,0.084,0.248,0.997,0.003,1331,910
"103","Minas Gerais",316720,31,"Sete Lagoas","MG",241835,536.93,450.4,"Minas Gerais",7248723,35933.26,"MG","Sete Lagoas",0.076,0.139,0.183,0.253,0.248,0.102,0.215,0.976,0.024,1331,910
"104","Minas Gerais",316860,31,"Teófilo Otoni","MG",140937,3242.27,43.47,"Minas Gerais",2282835,17942.67,"MG","Teófilo Otoni",0.084,0.151,0.178,0.235,0.226,0.126,0.235,0.817,0.183,1331,910
"105","Minas Gerais",316990,31,"Ubá","MG",116797,407.45,286.65,"Minas Gerais",2428840,23884.41,"MG","Ubá",0.078,0.141,0.176,0.249,0.247,0.109,0.219,0.962,0.038,1331,910
"106","Minas Gerais",317010,31,"Uberaba","MG",337092,4523.96,74.51,"Minas Gerais",12756618,44522.83,"MG","Uberaba",0.073,0.123,0.173,0.249,0.256,0.126,0.196,0.978,0.022,1331,910
"107","Minas Gerais",317020,31,"Uberlândia","MG",699097,4115.21,169.88,"Minas Gerais",29390644,54801.25,"MG","Uberlândia",0.079,0.129,0.18,0.261,0.249,0.102,0.208,0.972,0.028,1331,910
"108","Minas Gerais",317070,31,"Varginha","MG",136602,395.4,345.48,"Minas Gerais",4504985,40994.76,"MG","Varginha",0.075,0.135,0.17,0.255,0.257,0.108,0.21,0.967,0.033,1331,910
"109","Minas Gerais",317120,31,"Vespasiano","MG",129765,71.04,1826.65,"Minas Gerais",2061689,19415.59,"MG","Vespasiano",0.09,0.168,0.185,0.267,0.217,0.073,0.258,1,0,1331,910
"110","Pará",150010,15,"Abaetetuba","PA",159080,1610.65,98.77,"Para",1309448,9046.13,"PA","Abaetetuba",0.112,0.195,0.223,0.239,0.159,0.072,0.307,0.588,0.412,795,495
"111","Pará",150060,15,"Altamira","PA",115969,159533.33,0.73,"Para",2489161,24049.71,"PA","Altamira",0.115,0.191,0.202,0.249,0.177,0.066,0.306,0.849,0.151,795,495
"112","Pará",150080,15,"Ananindeua","PA",535547,190.58,2810.08,"Para",6599935,14314.96,"PA","Ananindeua",0.096,0.164,0.196,0.274,0.205,0.065,0.26,0.998,0.003,795,495
"113","Pará",150130,15,"Barcarena","PA",127027,1310.34,96.94,"Para",3633142,38739.32,"PA","Barcarena",0.122,0.197,0.211,0.251,0.165,0.054,0.319,0.364,0.637,795,495
"114","Pará",150140,15,"Belém","PA",1499641,1059.47,1415.47,"Para",26757308,21191.47,"PA","Belém",0.086,0.147,0.188,0.267,0.219,0.093,0.233,0.991,0.009,795,495
"115","Pará",150170,15,"Bragança","PA",128914,2124.73,60.67,"Para",1053432,8920.18,"PA","Bragança",0.124,0.199,0.213,0.226,0.16,0.078,0.323,0.641,0.359,795,495
"116","Pará",150180,15,"Breves","PA",103497,9566.57,10.82,"Para",774140,7986.65,"PA","Breves",0.157,0.251,0.207,0.198,0.128,0.06,0.408,0.501,0.499,795,495
"117","Pará",150210,15,"Cametá","PA",139364,3081.37,45.23,"Para",1094916,8333.51,"PA","Cametá",0.136,0.22,0.217,0.213,0.14,0.075,0.356,0.437,0.563,795,495
"118","Pará",150240,15,"Castanhal","PA",203251,1029.3,197.47,"Para",3339049,19728.13,"PA","Castanhal",0.106,0.176,0.208,0.259,0.18,0.07,0.282,0.886,0.114,795,495
"119","Pará",150360,15,"Itaituba","PA",101395,62042.47,1.63,"Para",1628335,17949.27,"PA","Itaituba",0.113,0.203,0.205,0.237,0.181,0.062,0.316,0.725,0.275,795,495
"120","Pará",150420,15,"Marabá","PA",283542,15128.06,18.74,"Para",7861438,31920.2,"PA","Marabá",0.127,0.188,0.21,0.255,0.165,0.055,0.315,0.797,0.203,795,495
"121","Pará",150442,15,"Marituba","PA",133685,103.21,1295.22,"Para",1651564,14706.6,"PA","Marituba",0.108,0.179,0.198,0.287,0.175,0.053,0.287,0.99,0.01,795,495
"122","Pará",150550,15,"Paragominas","PA",114503,19342.56,5.92,"Para",2370601,23685.18,"PA","Paragominas",0.131,0.201,0.211,0.26,0.155,0.043,0.332,0.782,0.218,795,495
"123","Pará",150553,15,"Parauapebas","PA",213576,6885.79,31.02,"Para",15342958,78841.15,"PA","Parauapebas",0.129,0.18,0.22,0.288,0.15,0.034,0.309,0.901,0.099,795,495
"124","Pará",150680,15,"Santarém","PA",306480,17898.39,17.12,"Para",4390641,16053.85,"PA","Santarém",0.12,0.196,0.208,0.228,0.171,0.077,0.316,0.733,0.268,795,495
"125","Pará",150730,15,"São Félix do Xingu","PA",132138,84212.96,1.57,"Para",1308084,11187,"PA","São Félix do Xingu",0.106,0.191,0.205,0.285,0.172,0.042,0.297,0.494,0.506,795,495
"126","Pará",150795,15,"Tailândia","PA",108969,4430.48,24.6,"Para",820190,8660.12,"PA","Tailândia",0.133,0.216,0.219,0.269,0.126,0.038,0.349,0.74,0.26,795,495
"127","Pará",150810,15,"Tucuruí","PA",115144,2084.29,55.24,"Para",7377512,66715,"PA","Tucuruí",0.125,0.196,0.215,0.247,0.165,0.052,0.321,0.952,0.048,795,495
"128","Paraíba",250400,25,"Campina Grande","PB",411807,591.66,696.02,"Paraiba",8085288,22583.86,"PB","Campina Grande",0.088,0.15,0.186,0.247,0.218,0.111,0.238,0.953,0.047,909,514
"129","Paraíba",250750,25,"João Pessoa","PB",817511,210.04,3892.09,"Paraiba",17293048,25035.8,"PB","João Pessoa",0.084,0.137,0.183,0.261,0.231,0.103,0.221,0.996,0.004,909,514
"130","Paraíba",251080,25,"Patos","PB",108192,472.89,228.79,"Paraiba",1547173,16208.14,"PB","Patos",0.093,0.157,0.184,0.251,0.205,0.111,0.25,0.966,0.034,909,514
"131","Paraíba",251370,25,"Santa Rita","PB",137349,718.58,191.14,"Paraiba",2060002,17596.1,"PB","Santa Rita",0.098,0.169,0.182,0.251,0.202,0.097,0.267,0.862,0.138,909,514
"132","Paraná",410040,41,"Almirante Tamandaré","PR",120041,194.89,615.95,"Parana",1416897,13168.04,"PR","Almirante Tamandaré",0.103,0.174,0.187,0.25,0.216,0.07,0.277,0.958,0.042,1586,1031
"133","Paraná",410140,41,"Apucarana","PR",136234,558.39,243.98,"Parana",2825390,23315.61,"PR","Apucarana",0.08,0.136,0.174,0.235,0.252,0.124,0.216,0.944,0.056,1586,1031
"134","Paraná",410150,41,"Arapongas","PR",124810,382.21,326.54,"Parana",3826921,35440.69,"PR","Arapongas",0.078,0.133,0.17,0.251,0.25,0.118,0.211,0.978,0.022,1586,1031
"135","Paraná",410180,41,"Araucária","PR",146214,469.24,311.6,"Parana",13612930,116046.97,"PR","Araucária",0.091,0.161,0.189,0.262,0.224,0.073,0.252,0.925,0.075,1586,1031
"136","Paraná",410370,41,"Cambé","PR",107341,495.38,216.69,"Parana",3269952,36311.28,"PR","Cambé",0.079,0.141,0.169,0.243,0.251,0.117,0.22,0.961,0.039,1586,1031
"137","Paraná",410420,41,"Campo Largo","PR",133865,1243.55,107.65,"Parana",3726882,33304.69,"PR","Campo Largo",0.084,0.15,0.177,0.255,0.24,0.094,0.234,0.838,0.162,1586,1031
"138","Paraná",410480,41,"Cascavel","PR",332333,2101.07,158.17,"Parana",10784353,37733.02,"PR","Cascavel",0.084,0.143,0.191,0.254,0.238,0.09,0.227,0.944,0.056,1586,1031
"139","Paraná",410580,41,"Colombo","PR",246540,197.79,1246.45,"Parana",4576902,21682.44,"PR","Colombo",0.096,0.166,0.185,0.259,0.221,0.073,0.262,0.954,0.046,1586,1031
"140","Paraná",410690,41,"Curitiba","PR",1948626,434.89,4480.71,"Parana",71953588,45458.29,"PR","Curitiba",0.074,0.126,0.17,0.262,0.255,0.113,0.2,1,0,1586,1031
"141","Paraná",410765,41,"Fazenda Rio Grande","PR",102004,116.68,874.24,"Parana",2015876,25607.26,"PR","Fazenda Rio Grande",0.104,0.18,0.187,0.253,0.215,0.061,0.284,0.93,0.07,1586,1031
"142","Paraná",410830,41,"Foz do Iguaçu","PR",258248,618.06,417.84,"Parana",13923723,56702.71,"PR","Foz do Iguaçu",0.093,0.161,0.185,0.248,0.233,0.08,0.254,0.992,0.008,1586,1031
"143","Paraná",410940,41,"Guarapuava","PR",182644,3168.09,57.65,"Parana",5397264,33913.76,"PR","Guarapuava",0.091,0.163,0.182,0.235,0.234,0.095,0.254,0.914,0.086,1586,1031
"144","Paraná",411370,41,"Londrina","PR",575377,1652.57,348.17,"Parana",17748841,35383.29,"PR","Londrina",0.077,0.131,0.172,0.241,0.253,0.127,0.208,0.974,0.026,1586,1031
"145","Paraná",411520,41,"Maringá","PR",430157,487.01,883.26,"Parana",16231274,44442.52,"PR","Maringá",0.07,0.116,0.182,0.246,0.264,0.122,0.186,0.982,0.018,1586,1031
"146","Paraná",411820,41,"Paranaguá","PR",156174,826.43,188.97,"Parana",7525886,63606.54,"PR","Paranaguá",0.097,0.169,0.176,0.24,0.229,0.089,0.266,0.964,0.036,1586,1031
"147","Paraná",411915,41,"Pinhais","PR",133490,60.87,2193.07,"Parana",4750636,44773.58,"PR","Pinhais",0.088,0.151,0.178,0.267,0.234,0.083,0.239,1,0,1586,1031
"148","Paraná",411950,41,"Piraquara","PR",114970,227.04,506.38,"Parana",1174390,11681.04,"PR","Piraquara",0.103,0.171,0.185,0.269,0.208,0.065,0.274,0.491,0.509,1586,1031
"149","Paraná",411990,41,"Ponta Grossa","PR",355336,2054.73,172.94,"Parana",13017550,43253.34,"PR","Ponta Grossa",0.09,0.155,0.179,0.24,0.232,0.104,0.245,0.978,0.022,1586,1031
"150","Paraná",412550,41,"São José dos Pinhais","PR",329058,946.43,347.68,"Parana",17262578,75926.83,"PR","São José dos Pinhais",0.095,0.156,0.178,0.271,0.225,0.074,0.251,0.897,0.103,1586,1031
"151","Paraná",412770,41,"Toledo","PR",142645,1196.76,119.19,"Parana",5524924,44448.08,"PR","Toledo",0.076,0.138,0.187,0.249,0.249,0.1,0.214,0.907,0.093,1586,1031
"152","Paraná",412810,41,"Umuarama","PR",112500,1234.54,91.13,"Parana",3062470,30659.36,"PR","Umuarama",0.074,0.128,0.18,0.241,0.253,0.125,0.202,0.928,0.072,1586,1031
"153","Pernambuco",260005,26,"Abreu e Lima","PE",100346,126.19,795.18,"Pernambuco",1446150,17320.77,"PE","Abreu e Lima",0.084,0.154,0.172,0.26,0.235,0.097,0.238,0.917,0.083,954,509
"154","Pernambuco",260290,26,"Cabo de Santo Agostinho","PE",208944,445.34,469.18,"Pernambuco",7284988,47575.16,"PE","Cabo de Santo Agostinho",0.091,0.16,0.188,0.271,0.207,0.082,0.251,0.907,0.093,954,509
"155","Pernambuco",260345,26,"Camaragibe","PE",158899,51.26,3100.04,"Pernambuco",1649660,11807.42,"PE","Camaragibe",0.082,0.149,0.175,0.27,0.227,0.097,0.231,1,0,954,509
"156","Pernambuco",260410,26,"Caruaru","PE",365278,920.61,396.78,"Pernambuco",6151777,20028.26,"PE","Caruaru",0.093,0.155,0.192,0.254,0.206,0.101,0.248,0.888,0.112,954,509
"157","Pernambuco",260600,26,"Garanhuns","PE",140577,458.55,306.57,"Pernambuco",2131400,17565.52,"PE","Garanhuns",0.099,0.167,0.187,0.24,0.199,0.108,0.266,0.891,0.109,954,509
"158","Pernambuco",260680,26,"Igarassu","PE",118370,305.51,387.45,"Pernambuco",2169776,21887.47,"PE","Igarassu",0.092,0.162,0.183,0.259,0.215,0.088,0.254,0.921,0.079,954,509
"159","Pernambuco",260790,26,"Jaboatão dos Guararapes","PE",706867,258.72,2732.13,"Pernambuco",11158375,19149.92,"PE","Jaboatão dos Guararapes",0.087,0.151,0.177,0.262,0.232,0.09,0.238,0.978,0.022,954,509
"160","Pernambuco",260960,26,"Olinda","PE",393115,41.3,9518.52,"Pernambuco",4948856,14122.98,"PE","Olinda",0.08,0.14,0.168,0.252,0.242,0.118,0.22,0.98,0.02,954,509
"161","Pernambuco",261070,26,"Paulista","PE",334376,96.98,3447.92,"Pernambuco",3761898,12731.32,"PE","Paulista",0.082,0.144,0.169,0.26,0.247,0.099,0.226,1,0,954,509
"162","Pernambuco",261110,26,"Petrolina","PE",354317,4561.87,77.67,"Pernambuco",5999055,19445.59,"PE","Petrolina",0.107,0.176,0.202,0.262,0.183,0.071,0.283,0.746,0.254,954,509
"163","Pernambuco",261160,26,"Recife","PE",1653461,218.84,7555.47,"Pernambuco",43865659,31994.38,"PE","Recife",0.076,0.133,0.173,0.254,0.246,0.118,0.209,1,0,954,509
"164","Pernambuco",261250,26,"Santa Cruz do Capibaribe","PE",109897,335.31,327.75,"Pernambuco",1317509,14271.52,"PE","Santa Cruz do Capibaribe",0.104,0.163,0.222,0.272,0.173,0.067,0.267,0.977,0.023,954,509
"165","Pernambuco",261370,26,"São Lourenço da Mata","PE",114079,262.11,435.24,"Pernambuco",1077160,10511.85,"PE","São Lourenço da Mata",0.091,0.158,0.186,0.259,0.213,0.092,0.249,0.941,0.06,954,509
"166","Pernambuco",261640,26,"Vitória de Santo Antão","PE",139583,335.94,415.5,"Pernambuco",3038966,26964.56,"PE","Vitória de Santo Antão",0.09,0.156,0.184,0.253,0.211,0.106,0.246,0.873,0.127,954,509
"167","Rio de Janeiro",330010,33,"Angra dos Reis","RJ",207044,813.21,254.6,"Rio de Janeiro",8363824,44590.88,"RJ","Angra dos Reis",0.085,0.159,0.172,0.264,0.237,0.083,0.244,0.963,0.037,1809,1000
"168","Rio de Janeiro",330020,33,"Araruama","RJ",134293,638.15,210.44,"Rio de Janeiro",2461564,20480.15,"RJ","Araruama",0.079,0.148,0.162,0.225,0.248,0.138,0.227,0.951,0.049,1809,1000
"169","Rio de Janeiro",330030,33,"Barra do Piraí","RJ",100764,584.61,172.36,"Rio de Janeiro",1889137,20602.24,"RJ","Barra do Piraí",0.075,0.136,0.155,0.23,0.27,0.134,0.211,0.97,0.03,1809,1000
"170","Rio de Janeiro",330040,33,"Barra Mansa","RJ",184833,547.13,337.82,"Rio de Janeiro",4614773,28067.77,"RJ","Barra Mansa",0.074,0.136,0.164,0.236,0.269,0.122,0.21,0.991,0.009,1809,1000
"171","Rio de Janeiro",330045,33,"Belford Roxo","RJ",513118,78.98,6496.4,"Rio de Janeiro",7159985,15598.12,"RJ","Belford Roxo",0.086,0.163,0.175,0.243,0.238,0.095,0.249,1,0,1809,1000
"172","Rio de Janeiro",330070,33,"Cabo Frio","RJ",230378,413.57,557.04,"Rio de Janeiro",10562814,49297.56,"RJ","Cabo Frio",0.085,0.153,0.169,0.237,0.248,0.108,0.238,0.754,0.246,1809,1000
"173","Rio de Janeiro",330100,33,"Campos dos Goytacazes","RJ",511168,4032.49,126.76,"Rio de Janeiro",31242419,64186.76,"RJ","Campos dos Goytacazes",0.084,0.148,0.171,0.236,0.244,0.119,0.232,0.903,0.097,1809,1000
"174","Rio de Janeiro",330170,33,"Duque de Caxias","RJ",924624,467.32,1978.57,"Rio de Janeiro",35521631,45490.61,"RJ","Duque de Caxias",0.084,0.156,0.173,0.244,0.242,0.101,0.24,0.997,0.003,1809,1000
"175","Rio de Janeiro",330190,33,"Itaboraí","RJ",242543,429.96,564.1,"Rio de Janeiro",4124590,18746.84,"RJ","Itaboraí",0.082,0.152,0.166,0.25,0.248,0.103,0.234,0.988,0.012,1809,1000
"176","Rio de Janeiro",330200,33,"Itaguaí","RJ",134819,282.61,477.06,"Rio de Janeiro",7359061,63968.12,"RJ","Itaguaí",0.087,0.158,0.17,0.255,0.236,0.095,0.245,0.955,0.045,1809,1000
"177","Rio de Janeiro",330220,33,"Itaperuna","RJ",103800,1106.69,93.79,"Rio de Janeiro",2568924,27161.66,"RJ","Itaperuna",0.071,0.13,0.159,0.242,0.261,0.137,0.201,0.922,0.078,1809,1000
"178","Rio de Janeiro",330227,33,"Japeri","RJ",105548,81.7,1291.94,"Rio de Janeiro",1324537,13825.88,"RJ","Japeri",0.091,0.168,0.191,0.253,0.21,0.086,0.259,1,0,1809,1000
"179","Rio de Janeiro",330240,33,"Macaé","RJ",261501,1216.99,214.88,"Rio de Janeiro",13303606,61223.07,"RJ","Macaé",0.091,0.141,0.178,0.283,0.231,0.077,0.232,0.981,0.019,1809,1000
"180","Rio de Janeiro",330250,33,"Magé","RJ",246433,390.77,630.63,"Rio de Janeiro",3624248,15926.84,"RJ","Magé",0.086,0.161,0.175,0.233,0.236,0.109,0.247,0.947,0.053,1809,1000
"181","Rio de Janeiro",330270,33,"Maricá","RJ",164504,361.57,454.97,"Rio de Janeiro",26622815,171003.42,"RJ","Maricá",0.072,0.132,0.15,0.245,0.272,0.13,0.204,0.985,0.016,1809,1000
"182","Rio de Janeiro",330285,33,"Mesquita","RJ",176569,41.17,4288.88,"Rio de Janeiro",2147748,12879.91,"RJ","Mesquita",0.079,0.147,0.164,0.238,0.255,0.116,0.226,1,0,1809,1000
"183","Rio de Janeiro",330320,33,"Nilópolis","RJ",162693,19.39,8389.26,"Rio de Janeiro",2630011,17270.92,"RJ","Nilópolis",0.073,0.133,0.157,0.239,0.265,0.133,0.206,1,0,1809,1000
"184","Rio de Janeiro",330330,33,"Niterói","RJ",515317,133.76,3852.64,"Rio de Janeiro",37945535,78854.6,"RJ","Niterói",0.059,0.108,0.147,0.24,0.275,0.172,0.167,1,0,1809,1000
"185","Rio de Janeiro",330340,33,"Nova Friburgo","RJ",191158,935.43,204.35,"Rio de Janeiro",4740230,27435.52,"RJ","Nova Friburgo",0.069,0.128,0.153,0.235,0.273,0.143,0.197,0.875,0.125,1809,1000
"186","Rio de Janeiro",330350,33,"Nova Iguaçu","RJ",823302,520.58,1581.51,"Rio de Janeiro",15293282,20538.67,"RJ","Nova Iguaçu",0.082,0.157,0.171,0.241,0.243,0.106,0.239,0.989,0.011,1809,1000
"187","Rio de Janeiro",330390,33,"Petrópolis","RJ",306678,791.14,387.64,"Rio de Janeiro",11134356,41456.25,"RJ","Petrópolis",0.07,0.134,0.159,0.229,0.264,0.144,0.204,0.951,0.049,1809,1000
"188","Rio de Janeiro",330414,33,"Queimados","RJ",151335,75.93,1993.16,"Rio de Janeiro",3192949,24050.05,"RJ","Queimados",0.089,0.165,0.179,0.244,0.23,0.094,0.254,1,0,1809,1000
"189","Rio de Janeiro",330420,33,"Resende","RJ",132312,1099.34,120.36,"Rio de Janeiro",6022845,64649.16,"RJ","Resende",0.08,0.14,0.167,0.252,0.252,0.11,0.22,0.938,0.062,1809,1000
"190","Rio de Janeiro",330452,33,"Rio das Ostras","RJ",155193,228.04,680.54,"Rio de Janeiro",8233082,58789.09,"RJ","Rio das Ostras",0.09,0.148,0.161,0.275,0.24,0.087,0.238,0.945,0.055,1809,1000
"191","Rio de Janeiro",330455,33,"Rio de Janeiro","RJ",6747815,1200.33,5621.64,"Rio de Janeiro",271663304,54426.08,"RJ","Rio de Janeiro",0.07,0.124,0.154,0.244,0.259,0.149,0.194,1,0,1809,1000
"192","Rio de Janeiro",330490,33,"São Gonçalo","RJ",1091737,248.16,4399.33,"Rio de Janeiro",17108844,17167.6,"RJ","São Gonçalo",0.072,0.135,0.159,0.251,0.263,0.12,0.207,0.999,0.001,1809,1000
"193","Rio de Janeiro",330510,33,"São João de Meriti","RJ",472906,35.22,13428.73,"Rio de Janeiro",8511037,19726.47,"RJ","São João de Meriti",0.08,0.148,0.166,0.239,0.253,0.114,0.228,1,0,1809,1000
"194","Rio de Janeiro",330520,33,"São Pedro da Aldeia","RJ",106049,332.49,318.96,"Rio de Janeiro",2045995,22259.41,"RJ","São Pedro da Aldeia",0.085,0.157,0.163,0.243,0.244,0.108,0.242,0.935,0.065,1809,1000
"195","Rio de Janeiro",330580,33,"Teresópolis","RJ",184240,773.34,238.24,"Rio de Janeiro",4625530,28503.62,"RJ","Teresópolis",0.075,0.145,0.165,0.231,0.253,0.132,0.22,0.893,0.107,1809,1000
"196","Rio de Janeiro",330630,33,"Volta Redonda","RJ",273988,182.1,1504.56,"Rio de Janeiro",11736205,50606.58,"RJ","Volta Redonda",0.07,0.128,0.162,0.233,0.281,0.127,0.198,1,0.001,1809,1000
"197","Rio Grande do Norte",240325,24,"Parnamirim","RN",267036,124.01,2153.41,"Rio Grande do Norte",4370518,20317.98,"RN","Parnamirim",0.089,0.149,0.191,0.277,0.222,0.072,0.238,1,0,1042,594
"198","Rio Grande do Norte",240800,24,"Mossoró","RN",300618,2099.33,143.2,"Rio Grande do Norte",5740448,22185.02,"RN","Mossoró",0.09,0.145,0.192,0.259,0.22,0.093,0.235,0.913,0.087,1042,594
"199","Rio Grande do Norte",240810,24,"Natal","RN",890480,167.4,5319.44,"Rio Grande do Norte",20429764,27122.37,"RN","Natal",0.08,0.138,0.19,0.255,0.233,0.104,0.218,1,0,1042,594
"200","Rio Grande do Norte",241200,24,"São Gonçalo do Amarante","RN",103672,249.8,415.02,"Rio Grande do Norte",1346419,14666.66,"RN","São Gonçalo do Amarante",0.1,0.172,0.197,0.258,0.194,0.079,0.272,0.845,0.155,1042,594
"201","Rio Grande do Sul",430060,43,"Alvorada","RS",211352,71.65,2949.87,"Rio Grande do Sul",2474233,12914.08,"RS","Alvorada",0.092,0.171,0.178,0.235,0.235,0.09,0.263,1,0,1812,1178
"202","Rio Grande do Sul",430160,43,"Bagé","RS",121335,4090.36,29.66,"Rio Grande do Sul",2716959,24620.88,"RS","Bagé",0.076,0.143,0.166,0.215,0.254,0.147,0.219,0.837,0.163,1812,1178
"203","Rio Grande do Sul",430210,43,"Bento Gonçalves","RS",121803,273.58,445.23,"Rio Grande do Sul",5168606,50090.88,"RS","Bento Gonçalves",0.063,0.114,0.166,0.258,0.272,0.126,0.177,0.924,0.077,1812,1178
"204","Rio Grande do Sul",430310,43,"Cachoeirinha","RS",131240,43.78,2997.58,"Rio Grande do Sul",4321491,40778.59,"RS","Cachoeirinha",0.077,0.142,0.167,0.246,0.26,0.108,0.219,1,0,1812,1178
"205","Rio Grande do Sul",430460,43,"Canoas","RS",348208,130.79,2662.36,"Rio Grande do Sul",16581211,55594.2,"RS","Canoas",0.081,0.142,0.166,0.241,0.255,0.115,0.223,1,0,1812,1178
"206","Rio Grande do Sul",430510,43,"Caxias do Sul","RS",517451,1652.38,313.16,"Rio Grande do Sul",20657156,48959.4,"RS","Caxias do Sul",0.075,0.126,0.172,0.263,0.257,0.108,0.201,0.963,0.037,1812,1178
"207","Rio Grande do Sul",430700,43,"Erechim","RS",106633,429.2,248.44,"Rio Grande do Sul",4272388,47080.69,"RS","Erechim",0.07,0.124,0.171,0.252,0.257,0.127,0.194,0.942,0.058,1812,1178
"208","Rio Grande do Sul",430920,43,"Gravataí","RS",283620,462.66,613.03,"Rio Grande do Sul",9107544,42820.82,"RS","Gravataí",0.082,0.149,0.169,0.242,0.253,0.106,0.231,0.952,0.048,1812,1178
"209","Rio Grande do Sul",431340,43,"Novo Hamburgo","RS",247032,223.68,1104.38,"Rio Grande do Sul",8200634,38159.33,"RS","Novo Hamburgo",0.076,0.138,0.17,0.237,0.268,0.111,0.214,0.983,0.017,1812,1178
"210","Rio Grande do Sul",431410,43,"Passo Fundo","RS",204722,783.6,261.26,"Rio Grande do Sul",7929316,45327.11,"RS","Passo Fundo",0.078,0.135,0.178,0.241,0.249,0.119,0.213,0.975,0.026,1812,1178
"211","Rio Grande do Sul",431440,43,"Pelotas","RS",343132,1609.71,213.16,"Rio Grande do Sul",7989740,25884.35,"RS","Pelotas",0.069,0.13,0.166,0.223,0.261,0.152,0.199,0.933,0.067,1812,1178
"212","Rio Grande do Sul",431490,43,"Porto Alegre","RS",1488252,495.39,3004.2,"Rio Grande do Sul",66336693,52149.66,"RS","Porto Alegre",0.067,0.12,0.157,0.245,0.26,0.15,0.187,1,0,1812,1178
"213","Rio Grande do Sul",431560,43,"Rio Grande","RS",211965,2709.39,78.23,"Rio Grande do Sul",8724431,51681.23,"RS","Rio Grande",0.075,0.139,0.164,0.227,0.257,0.138,0.214,0.961,0.04,1812,1178
"214","Rio Grande do Sul",431680,43,"Santa Cruz do Sul","RS",131365,733.9,179,"Rio Grande do Sul",6840251,73286.09,"RS","Santa Cruz do Sul",0.067,0.123,0.161,0.245,0.272,0.131,0.19,0.889,0.111,1812,1178
"215","Rio Grande do Sul",431690,43,"Santa Maria","RS",283677,1780.8,159.3,"Rio Grande do Sul",7073515,27785.51,"RS","Santa Maria",0.071,0.126,0.177,0.231,0.258,0.138,0.197,0.951,0.049,1812,1178
"216","Rio Grande do Sul",431870,43,"São Leopoldo","RS",238648,103.01,2316.7,"Rio Grande do Sul",7331240,38317.82,"RS","São Leopoldo",0.081,0.143,0.171,0.246,0.255,0.103,0.224,0.996,0.004,1812,1178
"217","Rio Grande do Sul",432000,43,"Sapucaia do Sul","RS",141808,58.31,2432.01,"Rio Grande do Sul",2997774,24171.89,"RS","Sapucaia do Sul",0.082,0.148,0.171,0.243,0.253,0.104,0.23,0.996,0.004,1812,1178
"218","Rio Grande do Sul",432240,43,"Uruguaiana","RS",126866,5702.1,22.25,"Rio Grande do Sul",2551875,21808.17,"RS","Uruguaiana",0.093,0.167,0.169,0.222,0.239,0.109,0.26,0.936,0.064,1812,1178
"219","Rio Grande do Sul",432300,43,"Viamão","RS",256302,1496.52,171.27,"Rio Grande do Sul",3426183,14732.35,"RS","Viamão",0.084,0.16,0.169,0.229,0.244,0.113,0.244,0.94,0.06,1812,1178
"220","Roraima",140010,14,"Boa Vista","RR",419652,5687.04,73.79,"Roraima",9105971,26752.67,"RR","Boa Vista",0.115,0.184,0.209,0.265,0.175,0.052,0.299,0.977,0.023,1050,532
"221","Santa Catarina",420200,42,"Balneário Camboriú","SC",145796,45.21,3224.58,"Santa Catarina",5001622,40002.3,"SC","Balneário Camboriú",0.066,0.114,0.18,0.266,0.256,0.118,0.18,1,0,1709,1247
"222","Santa Catarina",420240,42,"Blumenau","SC",361855,518.62,697.73,"Santa Catarina",14416708,48115.48,"SC","Blumenau",0.072,0.127,0.179,0.264,0.262,0.097,0.199,0.954,0.046,1709,1247
"223","Santa Catarina",420290,42,"Brusque","SC",137689,284.68,483.67,"Santa Catarina",5254754,48408.17,"SC","Brusque",0.076,0.122,0.19,0.269,0.253,0.09,0.198,0.967,0.033,1709,1247
"224","Santa Catarina",420420,42,"Chapecó","SC",224013,624.85,358.51,"Santa Catarina",8371768,44321.07,"SC","Chapecó",0.083,0.141,0.193,0.268,0.232,0.083,0.224,0.916,0.084,1709,1247
"225","Santa Catarina",420460,42,"Criciúma","SC",217311,234.87,925.26,"Santa Catarina",6636613,36073.31,"SC","Criciúma",0.077,0.133,0.184,0.246,0.267,0.094,0.21,0.986,0.014,1709,1247
"226","Santa Catarina",420540,42,"Florianópolis","SC",508826,674.84,753.99,"Santa Catarina",17013204,42719.16,"SC","Florianópolis",0.065,0.114,0.175,0.272,0.259,0.115,0.179,0.962,0.038,1709,1247
"227","Santa Catarina",420820,42,"Itajaí","SC",223112,289.21,771.44,"Santa Catarina",15593091,117712,"SC","Itajaí",0.084,0.141,0.181,0.264,0.243,0.089,0.225,0.946,0.054,1709,1247
"228","Santa Catarina",420890,42,"Jaraguá do Sul","SC",181173,530.89,341.26,"Santa Catarina",7599703,51652.44,"SC","Jaraguá do Sul",0.081,0.128,0.186,0.287,0.239,0.079,0.209,0.928,0.072,1709,1247
"229","Santa Catarina",420910,42,"Joinville","SC",597658,1127.95,529.86,"Santa Catarina",24109105,52792.59,"SC","Joinville",0.08,0.137,0.18,0.263,0.252,0.088,0.217,0.966,0.034,1709,1247
"230","Santa Catarina",420930,42,"Lages","SC",157349,2637.66,59.65,"Santa Catarina",4528446,32355.43,"SC","Lages",0.082,0.149,0.177,0.234,0.244,0.115,0.231,0.982,0.018,1709,1247
"231","Santa Catarina",421190,42,"Palhoça","SC",175272,394.85,443.9,"Santa Catarina",4520917,32626.34,"SC","Palhoça",0.085,0.147,0.184,0.269,0.238,0.078,0.232,0.985,0.015,1709,1247
"232","Santa Catarina",421660,42,"São José","SC",250181,150.5,1662.34,"Santa Catarina",8270378,43665.31,"SC","São José",0.073,0.127,0.177,0.274,0.254,0.095,0.2,0.988,0.012,1709,1247
"233","Santa Catarina",421870,42,"Tubarão","SC",106422,301.49,352.99,"Santa Catarina",3364138,35655.22,"SC","Tubarão",0.069,0.118,0.174,0.24,0.277,0.123,0.187,0.906,0.094,1709,1247
"234","São Paulo",350160,35,"Americana","SP",242018,133.91,1807.29,"Sao Paulo",9727525,47793.48,"SP","Americana",0.068,0.116,0.162,0.252,0.274,0.128,0.184,0.995,0.005,1889,1123
"235","São Paulo",350280,35,"Araçatuba","SP",198129,1167.13,169.76,"Sao Paulo",6723668,37521.17,"SP","Araçatuba",0.068,0.118,0.154,0.244,0.274,0.141,0.186,0.981,0.019,1889,1123
"236","São Paulo",350320,35,"Araraquara","SP",238339,1003.62,237.48,"Sao Paulo",8379360,40253.93,"SP","Araraquara",0.068,0.115,0.164,0.251,0.262,0.14,0.183,0.972,0.028,1889,1123
"237","São Paulo",350330,35,"Araras","SP",135506,644.83,210.14,"Sao Paulo",4933860,41863.92,"SP","Araras",0.073,0.124,0.171,0.25,0.257,0.125,0.197,0.946,0.054,1889,1123
"238","São Paulo",350400,35,"Assis","SP",105087,460.61,228.15,"Sao Paulo",3030592,32443.96,"SP","Assis",0.072,0.12,0.166,0.24,0.261,0.141,0.192,0.956,0.044,1889,1123
"239","São Paulo",350410,35,"Atibaia","SP",144088,478.52,301.11,"Sao Paulo",5992019,50498.62,"SP","Atibaia",0.077,0.14,0.166,0.244,0.246,0.128,0.217,0.91,0.09,1889,1123
"240","São Paulo",350550,35,"Barretos","SP",122833,1566.16,78.43,"Sao Paulo",4453436,40046.22,"SP","Barretos",0.073,0.124,0.168,0.244,0.254,0.138,0.197,0.97,0.031,1889,1123
"241","São Paulo",350570,35,"Barueri","SP",276982,65.7,4215.8,"Sao Paulo",36438842,186382.33,"SP","Barueri",0.089,0.154,0.185,0.269,0.231,0.072,0.243,1,0,1889,1123
"242","São Paulo",350600,35,"Bauru","SP",379297,667.68,568.08,"Sao Paulo",13282542,39121.44,"SP","Bauru",0.073,0.128,0.164,0.251,0.253,0.131,0.201,0.983,0.017,1889,1123
"243","São Paulo",350650,35,"Birigui","SP",124883,530.03,235.61,"Sao Paulo",3020938,27268.69,"SP","Birigui",0.072,0.122,0.161,0.256,0.264,0.126,0.194,0.97,0.03,1889,1123
"244","São Paulo",350750,35,"Botucatu","SP",148130,1482.64,99.91,"Sao Paulo",4212251,31925.21,"SP","Botucatu",0.077,0.132,0.164,0.247,0.246,0.134,0.209,0.964,0.037,1889,1123
"245","São Paulo",350760,35,"Bragança Paulista","SP",170533,512.58,332.69,"Sao Paulo",5544498,37813.45,"SP","Bragança Paulista",0.073,0.134,0.167,0.252,0.248,0.128,0.207,0.969,0.031,1889,1123
"246","São Paulo",350900,35,"Caieiras","SP",102775,97.64,1052.57,"Sao Paulo",3050504,35517.31,"SP","Caieiras",0.087,0.153,0.178,0.256,0.246,0.08,0.24,0.975,0.025,1889,1123
"247","São Paulo",350950,35,"Campinas","SP",1213792,794.57,1527.61,"Sao Paulo",50655492,51417.44,"SP","Campinas",0.071,0.122,0.165,0.264,0.254,0.124,0.193,0.983,0.017,1889,1123
"248","São Paulo",351050,35,"Caraguatatuba","SP",123389,484.95,254.44,"Sao Paulo",3098163,27802.88,"SP","Caraguatatuba",0.087,0.151,0.167,0.249,0.235,0.112,0.238,0.959,0.041,1889,1123
"249","São Paulo",351060,35,"Carapicuíba","SP",403183,34.55,11670.9,"Sao Paulo",5245955,14413.33,"SP","Carapicuíba",0.091,0.152,0.179,0.27,0.228,0.08,0.243,1,0,1889,1123
"250","São Paulo",351110,35,"Catanduva","SP",122497,290.6,421.54,"Sao Paulo",3824922,34611.18,"SP","Catanduva",0.068,0.114,0.159,0.243,0.266,0.151,0.182,0.992,0.008,1889,1123
"251","São Paulo",351300,35,"Cotia","SP",253608,323.99,782.76,"Sao Paulo",9877578,51225.49,"SP","Cotia",0.09,0.156,0.171,0.266,0.237,0.081,0.246,1,0,1889,1123
"252","São Paulo",351350,35,"Cubatão","SP",131626,142.88,921.24,"Sao Paulo",11345292,101597.09,"SP","Cubatão",0.091,0.151,0.18,0.262,0.238,0.079,0.242,1,0,1889,1123
"253","São Paulo",351380,35,"Diadema","SP",426757,30.73,13886.41,"Sao Paulo",12055550,34855.75,"SP","Diadema",0.087,0.148,0.181,0.273,0.235,0.077,0.235,1,0,1889,1123
"254","São Paulo",351500,35,"Embu das Artes","SP",276535,70.4,3928.17,"Sao Paulo",10531962,48914.66,"SP","Embu",0.094,0.163,0.184,0.273,0.219,0.069,0.257,1,0,1889,1123
"255","São Paulo",351570,35,"Ferraz de Vasconcelos","SP",196500,29.56,6646.6,"Sao Paulo",2828943,16344.03,"SP","Ferraz de Vasconcelos",0.093,0.167,0.19,0.254,0.225,0.07,0.26,0.955,0.045,1889,1123
"256","São Paulo",351620,35,"Franca","SP",355901,605.68,587.61,"Sao Paulo",8974576,28518.78,"SP","Franca",0.08,0.142,0.176,0.239,0.25,0.114,0.222,0.982,0.018,1889,1123
"257","São Paulo",351630,35,"Francisco Morato","SP",177633,49,3625.09,"Sao Paulo",1442340,8719.4,"SP","Francisco Morato",0.102,0.178,0.193,0.249,0.214,0.064,0.28,0.998,0.002,1889,1123
"258","São Paulo",351640,35,"Franco da Rocha","SP",156492,132.78,1178.63,"Sao Paulo",2710601,19650.05,"SP","Franco da Rocha",0.087,0.153,0.188,0.277,0.219,0.077,0.24,0.921,0.079,1889,1123
"259","São Paulo",351840,35,"Guaratinguetá","SP",122505,752.64,162.77,"Sao Paulo",4691389,46849.29,"SP","Guaratinguetá",0.072,0.13,0.167,0.239,0.263,0.129,0.202,0.953,0.047,1889,1123
"260","São Paulo",351870,35,"Guarujá","SP",322750,144.79,2229.03,"Sao Paulo",7493272,27031.81,"SP","Guarujá",0.089,0.155,0.175,0.252,0.238,0.092,0.244,1,0,1889,1123
"261","São Paulo",351880,35,"Guarulhos","SP",1392121,318.68,4368.47,"Sao Paulo",50688741,44897.7,"SP","Guarulhos",0.089,0.155,0.176,0.264,0.234,0.082,0.244,1,0,1889,1123
"262","São Paulo",351907,35,"Hortolândia","SP",234259,62.42,3753.19,"Sao Paulo",10631579,57691.75,"SP","Hortolândia",0.085,0.15,0.189,0.268,0.233,0.076,0.235,1,0,1889,1123
"263","São Paulo",352050,35,"Indaiatuba","SP",256223,311.55,822.43,"Sao Paulo",12337191,63166.46,"SP","Indaiatuba",0.078,0.133,0.174,0.264,0.248,0.103,0.211,0.99,0.01,1889,1123
"264","São Paulo",352210,35,"Itanhaém","SP",103102,601.71,171.35,"Sao Paulo",1784479,18763.24,"SP","Itanhaém",0.09,0.156,0.153,0.214,0.241,0.146,0.246,0.991,0.009,1889,1123
"265","São Paulo",352220,35,"Itapecerica da Serra","SP",177662,150.74,1178.58,"Sao Paulo",3250843,21079.61,"SP","Itapecerica da Serra",0.093,0.163,0.185,0.268,0.22,0.071,0.256,0.992,0.008,1889,1123
"266","São Paulo",352230,35,"Itapetininga","SP",165526,1789.35,92.51,"Sao Paulo",4254583,29304.81,"SP","Itapetininga",0.084,0.15,0.177,0.246,0.232,0.112,0.234,0.908,0.092,1889,1123
"267","São Paulo",352250,35,"Itapevi","SP",240961,82.66,2915.16,"Sao Paulo",10032247,51939.22,"SP","Itapevi",0.1,0.175,0.189,0.262,0.21,0.064,0.275,1,0,1889,1123
"268","São Paulo",352310,35,"Itaquaquecetuba","SP",375011,82.62,4538.88,"Sao Paulo",6279477,19678.54,"SP","Itaquaquecetuba",0.1,0.178,0.191,0.254,0.216,0.062,0.278,1,0,1889,1123
"269","São Paulo",352340,35,"Itatiba","SP",122581,322.28,380.36,"Sao Paulo",4947818,50811.86,"SP","Itatiba",0.074,0.132,0.171,0.26,0.251,0.112,0.206,0.844,0.156,1889,1123
"270","São Paulo",352390,35,"Itu","SP",175568,640.72,274.02,"Sao Paulo",6335047,45461.13,"SP","Itu",0.08,0.139,0.173,0.258,0.244,0.107,0.219,0.936,0.064,1889,1123
"271","São Paulo",352440,35,"Jacareí","SP",235416,464.27,507.06,"Sao Paulo",10258591,54796.98,"SP","Jacareí",0.081,0.14,0.164,0.251,0.253,0.11,0.221,0.986,0.014,1889,1123
"272","São Paulo",352500,35,"Jandira","SP",126356,17.45,7241.45,"Sao Paulo",3190201,32512.79,"SP","Jandira",0.093,0.158,0.187,0.272,0.228,0.063,0.251,1,0,1889,1123
"273","São Paulo",352530,35,"Jaú","SP",151881,687.1,221.05,"Sao Paulo",4266924,31855.35,"SP","Jaú",0.076,0.127,0.162,0.251,0.256,0.129,0.203,0.969,0.031,1889,1123
"274","São Paulo",352590,35,"Jundiaí","SP",423006,431.21,980.98,"Sao Paulo",35246672,105187.65,"SP","Jundiaí",0.072,0.12,0.157,0.258,0.261,0.133,0.192,0.957,0.043,1889,1123
"275","São Paulo",352670,35,"Leme","SP",104346,402.87,259.01,"Sao Paulo",2799638,31320.57,"SP","Leme",0.084,0.141,0.183,0.25,0.233,0.109,0.225,0.979,0.021,1889,1123
"276","São Paulo",352690,35,"Limeira","SP",308482,580.71,531.21,"Sao Paulo",11245363,43440.26,"SP","Limeira",0.075,0.131,0.168,0.25,0.259,0.116,0.206,0.97,0.03,1889,1123
"277","São Paulo",352850,35,"Mairiporã","SP",101937,320.7,317.86,"Sao Paulo",1564038,17774.55,"SP","Mairiporã",0.076,0.158,0.17,0.249,0.25,0.098,0.234,0.874,0.126,1889,1123
"278","São Paulo",352900,35,"Marília","SP",240590,1170.52,205.54,"Sao Paulo",7227802,34083.86,"SP","Marília",0.07,0.127,0.165,0.245,0.256,0.137,0.197,0.955,0.045,1889,1123
"279","São Paulo",352940,35,"Mauá","SP",477552,61.91,7713.77,"Sao Paulo",13017966,32655.23,"SP","Mauá",0.084,0.146,0.183,0.266,0.238,0.083,0.23,1,0,1889,1123
"280","São Paulo",353060,35,"Mogi das Cruzes","SP",450785,712.54,632.64,"Sao Paulo",13381206,34908.31,"SP","Mogi das Cruzes",0.086,0.152,0.17,0.248,0.242,0.103,0.238,0.921,0.079,1889,1123
"281","São Paulo",353070,35,"Mogi Guaçu","SP",153033,812.75,188.29,"Sao Paulo",5120140,38971.42,"SP","Mogi Guaçu",0.073,0.132,0.171,0.249,0.257,0.118,0.205,0.949,0.051,1889,1123
"282","São Paulo",353440,35,"Osasco","SP",699944,64.95,10776,"Sao Paulo",59744658,109936.21,"SP","Osasco",0.082,0.14,0.172,0.265,0.244,0.098,0.222,1,0,1889,1123
"283","São Paulo",353470,35,"Ourinhos","SP",114352,295.82,386.56,"Sao Paulo",2797587,27232.54,"SP","Ourinhos",0.079,0.133,0.165,0.236,0.255,0.132,0.212,0.974,0.026,1889,1123
"284","São Paulo",353650,35,"Paulínia","SP",112003,138.78,807.07,"Sao Paulo",27050182,306163.17,"SP","Paulínia",0.086,0.139,0.171,0.275,0.245,0.084,0.225,0.999,0.001,1889,1123
"285","São Paulo",353800,35,"Pindamonhangaba","SP",170132,730.21,232.99,"Sao Paulo",7017206,51761.18,"SP","Pindamonhangaba",0.082,0.148,0.172,0.252,0.244,0.102,0.23,0.964,0.036,1889,1123
"286","São Paulo",353870,35,"Piracicaba","SP",407252,1378.07,295.52,"Sao Paulo",20712922,65896.34,"SP","Piracicaba",0.074,0.13,0.166,0.255,0.251,0.125,0.204,0.979,0.022,1889,1123
"287","São Paulo",353980,35,"Poá","SP",118349,17.26,6855.25,"Sao Paulo",2528026,39992.89,"SP","Poá",0.086,0.155,0.179,0.253,0.241,0.087,0.241,0.984,0.016,1889,1123
"288","São Paulo",354100,35,"Praia Grande","SP",330845,149.25,2216.67,"Sao Paulo",6574333,22064.57,"SP","Praia Grande",0.087,0.149,0.16,0.245,0.236,0.124,0.236,1,0,1889,1123
"289","São Paulo",354140,35,"Presidente Prudente","SP",230371,560.64,410.91,"Sao Paulo",7139879,35207.07,"SP","Presidente Prudente",0.073,0.125,0.162,0.242,0.264,0.136,0.198,0.98,0.02,1889,1123
"290","São Paulo",354330,35,"Ribeirão Pires","SP",124159,99.08,1253.18,"Sao Paulo",2678218,24818.57,"SP","Ribeirão Pires",0.074,0.134,0.168,0.256,0.259,0.109,0.208,1,0,1889,1123
"291","São Paulo",354340,35,"Ribeirão Preto","SP",711825,650.92,1093.57,"Sao Paulo",30695921,49425.29,"SP","Ribeirão Preto",0.072,0.123,0.171,0.26,0.248,0.126,0.195,0.997,0.003,1889,1123
"292","São Paulo",354390,35,"Rio Claro","SP",208008,498.42,417.33,"Sao Paulo",8394325,47851.56,"SP","Rio Claro",0.071,0.125,0.164,0.253,0.252,0.134,0.196,0.976,0.024,1889,1123
"293","São Paulo",354520,35,"Salto","SP",119736,133.06,899.89,"Sao Paulo",6054975,62187.92,"SP","Salto",0.078,0.136,0.177,0.25,0.254,0.107,0.214,0.993,0.007,1889,1123
"294","São Paulo",354580,35,"Santa Bárbara d'Oeste","SP",194390,271.03,717.23,"Sao Paulo",5127512,30798.27,"SP","Santa Bárbara d'Oeste",0.072,0.123,0.176,0.253,0.269,0.108,0.195,0.992,0.008,1889,1123
"295","São Paulo",354730,35,"Santana de Parnaíba","SP",142301,179.95,790.79,"Sao Paulo",7591749,67650.64,"SP","Santana de Parnaíba",0.089,0.159,0.179,0.253,0.244,0.077,0.248,1,0,1889,1123
"296","São Paulo",354780,35,"Santo André","SP",721368,175.78,4103.76,"Sao Paulo",25193050,40489.21,"SP","Santo André",0.07,0.12,0.158,0.251,0.266,0.135,0.19,1,0,1889,1123
"297","São Paulo",354850,35,"Santos","SP",433656,281.03,1543.08,"Sao Paulo",19504143,51915.03,"SP","Santos",0.061,0.106,0.139,0.227,0.275,0.192,0.167,0.999,0.001,1889,1123
"298","São Paulo",354870,35,"São Bernardo do Campo","SP",844483,409.53,2062.07,"Sao Paulo",41062010,60689.23,"SP","São Bernardo do Campo",0.077,0.13,0.167,0.267,0.257,0.102,0.207,0.983,0.017,1889,1123
"299","São Paulo",354880,35,"São Caetano do Sul","SP",161957,15.33,10564.02,"Sao Paulo",11175953,83860.42,"SP","São Caetano do Sul",0.055,0.097,0.137,0.234,0.285,0.191,0.152,1,0,1889,1123
"300","São Paulo",354890,35,"São Carlos","SP",254484,1136.91,223.84,"Sao Paulo",9693130,44796.83,"SP","São Carlos",0.072,0.123,0.164,0.256,0.257,0.129,0.195,0.96,0.04,1889,1123
"301","São Paulo",354980,35,"São José do Rio Preto","SP",464983,431.94,1076.49,"Sao Paulo",15830305,38449.7,"SP","São José do Rio Preto",0.068,0.113,0.159,0.256,0.267,0.138,0.181,0.939,0.061,1889,1123
"302","São Paulo",354990,35,"São José dos Campos","SP",729737,1099.41,663.75,"Sao Paulo",34392039,55603.18,"SP","São José dos Campos",0.081,0.137,0.172,0.262,0.25,0.098,0.218,0.98,0.02,1889,1123
"303","São Paulo",355030,35,"São Paulo","SP",12325232,1521.11,8102.79,"Sao Paulo",587529064,58691.9,"SP","São Paulo",0.077,0.131,0.163,0.264,0.246,0.119,0.208,0.991,0.009,1889,1123
"304","São Paulo",355100,35,"São Vicente","SP",368355,148.1,2487.2,"Sao Paulo",5107762,15006.76,"SP","São Vicente",0.083,0.143,0.167,0.252,0.243,0.111,0.226,0.998,0.002,1889,1123
"305","São Paulo",355170,35,"Sertãozinho","SP",127142,403.09,315.42,"Sao Paulo",4829397,44163.83,"SP","Sertãozinho",0.08,0.135,0.178,0.265,0.241,0.102,0.215,0.988,0.012,1889,1123
"306","São Paulo",355220,35,"Sorocaba","SP",687357,450.38,1526.16,"Sao Paulo",28099233,52169.13,"SP","Sorocaba",0.075,0.135,0.172,0.259,0.249,0.11,0.21,0.99,0.01,1889,1123
"307","São Paulo",355240,35,"Sumaré","SP",286211,153.47,1864.99,"Sao Paulo",11040682,51832.02,"SP","Sumaré",0.087,0.143,0.18,0.274,0.233,0.084,0.23,0.988,0.012,1889,1123
"308","São Paulo",355250,35,"Suzano","SP",300559,206.24,1457.35,"Sao Paulo",9364335,37835.81,"SP","Suzano",0.087,0.162,0.178,0.252,0.234,0.087,0.249,0.965,0.035,1889,1123
"309","São Paulo",355280,35,"Taboão da Serra","SP",293652,20.39,14403.18,"Sao Paulo",7156324,29340.9,"SP","Taboão da Serra",0.089,0.151,0.176,0.275,0.231,0.079,0.24,1,0,1889,1123
"310","São Paulo",355400,35,"Tatuí","SP",122967,523.75,234.78,"Sao Paulo",3529915,33202.74,"SP","Tatuí",0.083,0.147,0.173,0.247,0.233,0.118,0.23,0.953,0.047,1889,1123
"311","São Paulo",355410,35,"Taubaté","SP",317915,625,508.66,"Sao Paulo",13985385,55369.58,"SP","Taubaté",0.078,0.135,0.169,0.254,0.25,0.114,0.213,0.978,0.022,1889,1123
"312","São Paulo",355620,35,"Valinhos","SP",131210,148.54,883.34,"Sao Paulo",5142978,48768.26,"SP","Valinhos",0.07,0.119,0.159,0.256,0.277,0.12,0.189,0.952,0.048,1889,1123
"313","São Paulo",355650,35,"Várzea Paulista","SP",123071,35.12,3504.3,"Sao Paulo",2451350,23585.08,"SP","Várzea Paulista",0.088,0.146,0.186,0.264,0.238,0.078,0.234,1,0,1889,1123
"314","São Paulo",355700,35,"Votorantim","SP",123599,183.52,673.5,"Sao Paulo",2760057,25495.29,"SP","Votorantim",0.084,0.149,0.179,0.256,0.236,0.096,0.233,0.962,0.038,1889,1123
"315","Sergipe",280030,28,"Aracaju","SE",664908,182.16,3650.07,"Sergipe",15051481,26622.38,"SE","Aracaju",0.085,0.139,0.188,0.273,0.224,0.091,0.224,1,0,970,507
"316","Sergipe",280350,28,"Lagarto","SE",105221,968.92,108.6,"Sergipe",1282324,14239.6,"SE","Lagarto",0.093,0.175,0.193,0.231,0.204,0.104,0.268,0.515,0.485,970,507
"317","Sergipe",280480,28,"Nossa Senhora do Socorro","SE",185706,155.02,1197.96,"Sergipe",2174820,14090.75,"SE","Nossa Senhora do Socorro",0.108,0.181,0.199,0.256,0.206,0.051,0.289,0.969,0.031,970,507
"318","Tocantins",170210,17,"Araguaína","TO",183381,4004.65,45.79,"Tocantins",3887977,24715.96,"TO","Araguaína",0.104,0.164,0.217,0.26,0.181,0.074,0.268,0.95,0.05,1038,631
"319","Tocantins",172100,17,"Palmas","TO",306296,2227.44,137.51,"Tocantins",8142064,32293.89,"TO","Palmas",0.106,0.16,0.221,0.294,0.175,0.044,0.266,0.971,0.029,1038,631
