"","X","LAD17CD","CTRY11NM","areaName","RGN11NM","Geography","area","pop","density","Name","All.ages","Under18","y18to24","y25to34","y35to44","y45to54","y55to64","y65to74","y75","gdphead2019","geography","white","asian","black"
"1",1,"E06000002","England","Middlesbrough","North East","Unitary Authority",54,141285,2622,"Middlesbrough",141285,0.234483490816435,0.100371589340694,0.149959302119829,0.11277205648158,0.115369642920338,0.122737728704392,0.0911561736914747,0.0731500159252575,24697,"Middlesbrough",0.881209721700431,0.0777967228275005,0.012506141086033
"2",2,"E06000003","England","Redcar and Cleveland","North East","Unitary Authority",245,137228,560,"Redcar and Cleveland",137228,0.201176144810097,0.0698035386364299,0.119443553793686,0.107091847144898,0.130592881919142,0.143891917101466,0.122249103681464,0.105751012912817,16306,"Redcar and Cleveland",0.984768118836784,0.00642860841711238,0.000902520399180334
"3",3,"E06000004","England","Stockton-on-Tees","North East","Unitary Authority",205,197419,963,"Stockton-on-Tees",197419,0.222982590328185,0.0655306733394455,0.131881936389101,0.125752840405432,0.133234389800374,0.133462331386543,0.103774206130109,0.0833810322208095,28931,"Stockton-on-Tees",0.945441260894525,0.0346119722352696,0.00591305255466834
"4",4,"E06000005","England","Darlington","North East","Unitary Authority",197,107402,544,"Darlington",107402,0.210731643731029,0.0679037634308486,0.121133684661366,0.120798495372526,0.13821902757863,0.135155769911175,0.109960708366697,0.0960969069477291,27583,"Darlington",0.959086430980258,0.0208878026599977,0.00338183471638058
"5",5,"E06000006","England","Halton","North West","Unitary Authority",79,129759,1641,"Halton",129759,0.222296719302707,0.073143288712151,0.127652031843649,0.123975986251435,0.134056211900523,0.133108300772971,0.111730207538591,0.0740372536779722,36257,"Halton",0.978162327231085,0.00749924450877165,0.00206766020390311
"6",6,"E06000007","England","Warrington","North West","Unitary Authority",181,209397,1159,"Warrington",209397,0.210972459013262,0.0683438635701562,0.12265696261169,0.127174696867672,0.146482518851751,0.133096462700039,0.102771290897195,0.0885017454882353,41327,"Warrington",0.958947326779674,0.0242844709931365,0.00343177008129438
"7",7,"E06000008","England","Blackburn with Darwen","North West","Unitary Authority",137,150030,1095,"Blackburn with Darwen",150030,0.257635139638739,0.086376058121709,0.133493301339732,0.132273545290942,0.131067119909351,0.112610811171099,0.0854029194161168,0.0611411051123109,23885,"Blackburn with Darwen",0.690546413630847,0.281336235244662,0.00632589549051116
"8",8,"E06000009","England","Blackpool","North West","Unitary Authority",35,138381,3968,"Blackpool",138381,0.2103612490154,0.0749452598261322,0.122509593079975,0.107890534105116,0.138357144405663,0.14046726067885,0.109653781949834,0.0958151769390306,23099,"Blackpool",0.965065287016507,0.0160630697216063,0.00243550487452926
"9",9,"E06000010","England","Kingston upon Hull, City of","Yorkshire and The Humber","Unitary Authority",72,259126,3620,"Kingston upon Hull, City of",259126,0.222227796515981,0.101830769586996,0.162349590546684,0.122886163488033,0.12152389185184,0.116989418275279,0.0869924283939087,0.065199941341278,27201,"Kingston upon Hull, City of",0.940059904994423,0.0252373189394944,0.0116845939642598
"10",10,"E06000011","England","East Riding of Yorkshire","Yorkshire and The Humber","Unitary Authority",2404,343201,143,"East Riding of Yorkshire",343201,0.184667294092966,0.0583156808983657,0.0936594007593218,0.104259602973185,0.142342242592533,0.152680207808252,0.143924405814668,0.120151165060708,24671,"East Riding of Yorkshire",0.980199234541967,0.00886052085858178,0.00178946013962577
"11",11,"E06000012","England","North East Lincolnshire","Yorkshire and The Humber","Unitary Authority",193,159364,827,"North East Lincolnshire",159364,0.216234532265756,0.0686729750759268,0.127161717828368,0.111549659898095,0.132219321804172,0.135469742225346,0.111229637810296,0.0974624130920409,23815,"North East Lincolnshire",0.973555282678428,0.0133382618283881,0.00257492983159583
"12",12,"E06000013","England","North Lincolnshire","Yorkshire and The Humber","Unitary Authority",847,172748,204,"North Lincolnshire",172748,0.206526269479241,0.0650600875263389,0.118218445365504,0.116134484914442,0.136163660360757,0.142010327181791,0.119011508092713,0.0968752170792136,29580,"North Lincolnshire",0.959461557755933,0.0271669672610872,0.00295020484215807
"13",13,"E06000014","England","York","Yorkshire and The Humber","Unitary Authority",272,211012,776,"York",211012,0.173459329327242,0.150872936136333,0.145081796295945,0.11302200822702,0.119467139309613,0.113870301215097,0.0953689837544784,0.088857505734271,33360,"York",0.941484769074632,0.0340316383153834,0.00602875017041065
"14",14,"E06000015","England","Derby","East Midlands","Unitary Authority",78,256814,3291,"Derby",256814,0.23242891742662,0.0976231825367776,0.141113802207045,0.123825025115453,0.127458004625916,0.112602895480776,0.0846293426370836,0.0803188299703287,32387,"Derby",0.801826718981154,0.12500402006818,0.0294268990802084
"15",15,"E06000016","England","Leicester","East Midlands","Unitary Authority",73,354036,4827,"Leicester",354036,0.237458902484493,0.144507903151092,0.163460777999977,0.126117118033194,0.107367612333209,0.0979307189099414,0.0696850037849258,0.0534719633031669,28410,"Leicester",0.503939800933183,0.371302362667847,0.0624092360212103
"16",16,"E06000018","England","Nottingham","East Midlands","Unitary Authority",75,337098,4518,"Nottingham",337098,0.205533702365484,0.202914286053314,0.16885594100232,0.112198826454028,0.104156654741351,0.0902764181335991,0.0642958427519594,0.0517683284979442,35010,"Nottingham",0.714381052080607,0.130983381313792,0.0725758963622088
"17",17,"E06000019","England","Herefordshire, County of","West Midlands","Unitary Authority",2180,193615,89,"Herefordshire, County of",193615,0.186085788807685,0.061921855228159,0.112553262918679,0.109883015262247,0.133047542804018,0.146228339746404,0.133502053043411,0.116778142189396,24297,"Herefordshire, County of",0.979992042599345,0.00784294489227533,0.00180404083345596
"18",18,"E06000020","England","Telford and Wrekin","West Midlands","Unitary Authority",290,181322,625,"Telford and Wrekin",181322,0.229679796163731,0.0812753002945037,0.127574149854954,0.126344293577172,0.138460859686083,0.121623410286672,0.0993812113257079,0.0756609788111757,29046,"Telford and Wrekin",0.925636548028396,0.0419524606789446,0.0106756440491836
"19",19,"E06000021","England","Stoke-on-Trent","West Midlands","Unitary Authority",93,256622,2746,"Stoke-on-Trent",256622,0.227201876690229,0.0905300402927263,0.143097629977165,0.12212904583395,0.125071116272182,0.118898613524951,0.0960985418241616,0.0769731355846342,26788,"Stoke-on-Trent",0.885630180556448,0.0740618775300392,0.0150236136991583
"20",20,"E06000022","England","Bath and North East Somerset","South West","Unitary Authority",346,196357,568,"Bath and North East Somerset",196357,0.186777145709091,0.145642885153063,0.13940424838432,0.103225247890322,0.12119761454901,0.115366398957002,0.0966504886507738,0.0917359707064174,26427,"Bath and North East Somerset",0.945453822379784,0.0260033178801927,0.00753340605399509
"21",21,"E06000023","England","Bristol, City of","South West","Unitary Authority",110,465866,4248,"Bristol, City of",465866,0.20264840104236,0.139454263672386,0.203116346760656,0.130432356085226,0.104925021358073,0.0900430595922433,0.0684917980706898,0.0608887534183649,36537,"Bristol, City of",0.838870804279903,0.0552384911053303,0.0600933134688044
"22",22,"E06000024","England","North Somerset","South West","Unitary Authority",374,215574,577,"North Somerset",215574,0.20327126647926,0.0618349151567443,0.101000120608237,0.11979181162849,0.140007607596463,0.132863888966202,0.123994544796682,0.117235844767922,24937,"North Somerset",0.972028869602994,0.0120257101389177,0.0031199707749573
"23",23,"E06000025","England","South Gloucestershire","South West","Unitary Authority",497,287816,579,"South Gloucestershire",287816,0.208212886010507,0.0830183172582483,0.132466575867916,0.129089418239431,0.136128637740779,0.122043249854073,0.0958181616032465,0.0932227534257998,46947,"South Gloucestershire",0.94876068912763,0.0245084047844668,0.00844093816955706
"24",24,"E06000026","England","Plymouth","South West","Unitary Authority",80,262839,3292,"Plymouth",262839,0.202751494260745,0.112243616814856,0.133678791960097,0.11959031954923,0.123923770825486,0.12153828008781,0.0986193068760724,0.0876544196257024,25236,"Plymouth",0.960886794807788,0.0152349600599101,0.00654487019470794
"25",25,"E06000027","England","Torbay","South West","Unitary Authority",63,136218,2166,"Torbay",136218,0.187082470745423,0.0599406833164486,0.100508009220514,0.0988929510050067,0.132045691465151,0.148856979253843,0.141486440852163,0.13118677414145,17671,"Torbay",0.974824181614093,0.0103314777907589,0.00191663039577272
"26",26,"E06000030","England","Swindon","South West","Unitary Authority",230,222881,969,"Swindon",222881,0.227708956797574,0.069000946693527,0.124178373212611,0.139949120831296,0.146921451357451,0.126803092233075,0.0912415145301753,0.0741965443442913,46868,"Swindon",0.897502342748953,0.0638996729713707,0.0136787852129511
"27",27,"E06000031","England","Peterborough","East of England","Unitary Authority",343,202626,590,"Peterborough",202626,0.25923622832213,0.0674296487124061,0.140909853621944,0.145312052747426,0.129514474943985,0.107108663251508,0.0821858991442362,0.0683031792563639,36513,"Peterborough",0.822214114174622,0.11703906203201,0.022675909840931
"28",28,"E06000032","England","Luton","East of England","Unitary Authority",43,213528,4925,"Luton",213528,0.271973698999663,0.0802189876737477,0.150514218275823,0.150242591135589,0.119412910718969,0.101321606534038,0.0657525008429808,0.06056348581919,33732,"Luton",0.545671527207051,0.299959153744322,0.0979768800350392
"29",29,"E06000033","England","Southend-on-Sea","East of England","Unitary Authority",42,182773,4386,"Southend-on-Sea",182773,0.21740629086353,0.0684236730808161,0.116992115903334,0.135588954604892,0.142302199996717,0.124175890312026,0.101705394122764,0.0934054811159197,20238,"Southend-on-Sea",0.914792292897534,0.0370843842495019,0.0210010480369462
"30",30,"E06000034","England","Thurrock","East of England","Unitary Authority",164,175531,1071,"Thurrock",175531,0.258535529336698,0.0713777053625855,0.139189089106767,0.149631688989409,0.137531262284155,0.106448433610018,0.0791825945274624,0.0581036967829044,28724,"Thurrock",0.856795916426239,0.0375828286991535,0.0781395643765258
"31",31,"E06000035","England","Medway","South East","Unitary Authority",194,279142,1441,"Medway",279142,0.234436236754053,0.0787054617363206,0.141583853379284,0.130005516905374,0.133179528698655,0.119903131739401,0.0910181914581109,0.0711680793288004,24401,"Medway",0.894454864071232,0.0515866249881595,0.0252458084683149
"32",32,"E06000036","England","Bracknell Forest","South East","Unitary Authority",109,124165,1135,"Bracknell Forest",124165,0.23222325131881,0.0708653807433657,0.128498369105626,0.148294607981315,0.146434180324568,0.12375468127089,0.0839930737325333,0.0659364555228929,46847,"Bracknell Forest",0.904871692946425,0.0500331257453293,0.0193366017402058
"33",33,"E06000037","England","West Berkshire","South East","Unitary Authority",704,158465,225,"West Berkshire",158465,0.224327138484839,0.0646578108730635,0.102609409017764,0.124342914839239,0.151440381156722,0.136326633641498,0.107563184299372,0.088732527687502,56409,"West Berkshire",0.947133699990899,0.0247558866742079,0.00894540442849527
"34",34,"E06000038","England","Reading","South East","Unitary Authority",40,160337,3969,"Reading",160337,0.232348116779034,0.1079850564748,0.157848781005008,0.147576666645877,0.127088569700069,0.100326187966595,0.0670150994467902,0.0598115219818258,58501,"Reading",0.746939588177112,0.135910544772573,0.0672455651325001
"35",35,"E06000039","England","Slough","South East","Unitary Authority",33,149577,4596,"Slough",149577,0.291842997252251,0.0713077545344538,0.131196641194836,0.178062135221324,0.130240611858775,0.0933432279026856,0.0597016921050696,0.0443049399306043,59307,"Slough",0.455283335116437,0.397254020897971,0.0864091865482686
"36",36,"E06000040","England","Windsor and Maidenhead","South East","Unitary Authority",197,151273,770,"Windsor and Maidenhead",151273,0.229234562678072,0.0627078196373444,0.104255220693713,0.138140976909296,0.151051410364044,0.126116359165218,0.0945575218313909,0.0939361287209218,54856,"Windsor and Maidenhead",0.85975373547316,0.0957941339236303,0.0119327614831212
"37",37,"E06000041","England","Wokingham","South East","Unitary Authority",179,173945,972,"Wokingham",173945,0.237276150507344,0.0652045186696944,0.105349392049211,0.143395901003191,0.148564201328006,0.124458880680675,0.0913737100807727,0.0843772456811061,49108,"Wokingham",0.88245886772898,0.0740899080191735,0.0135574556289675
"38",38,"E06000042","England","Milton Keynes","South East","Unitary Authority",309,270203,876,"Milton Keynes",270203,0.256503443707139,0.0637483669685385,0.126471578775957,0.159661439732349,0.137729780942477,0.111486549002047,0.0845993567799025,0.0597994840915904,57824,"Milton Keynes",0.799860140422231,0.0915597959979262,0.0688486904240398
"39",39,"E06000043","England","Brighton and Hove","South East","Unitary Authority",83,291738,3522,"Brighton and Hove",291738,0.172524662539676,0.150052444316476,0.17388204484846,0.130216152849475,0.134435692299255,0.105149140667311,0.0711083232215207,0.0626315392578272,33313,"Brighton and Hove",0.890057029143758,0.0412555922580834,0.015319952152585
"40",40,"E06000044","England","Portsmouth","South East","Unitary Authority",40,214692,5315,"Portsmouth",214692,0.203808246231811,0.147979430998826,0.159605388184003,0.121499636688838,0.117791999701899,0.106934585359492,0.0760484787509549,0.0663322340841764,31681,"Portsmouth",0.883158746878901,0.0608321629213483,0.0184193586142322
"41",41,"E06000045","England","Southampton","South East","Unitary Authority",50,252872,5070,"Southampton",252872,0.204870448290044,0.157407700338511,0.175630358442216,0.123062260748521,0.106022019045209,0.0986388370400835,0.0723093106393749,0.062059065456041,34407,"Southampton",0.857756182403053,0.0839742994402276,0.0213903969064766
"42",42,"E06000046","England","Isle of Wight","South East","Unitary Authority",380,142296,375,"Isle of Wight",142296,0.17339208410637,0.0630024737167594,0.0950413223140496,0.0956316410861865,0.133552594591556,0.152246022375892,0.153707764097374,0.133426097711812,22468,"Isle of Wight",0.972415289480346,0.0109499873431454,0.0021914439662966
"43",43,"E06000047","England","County Durham","North East","Unitary Authority",2226,533149,240,"County Durham",533149,0.191276735021542,0.0939062063325637,0.121836484735037,0.111873041119837,0.132617710996363,0.13920123642734,0.116657819858989,0.0926307655083288,20061,"County Durham",0.980632917804856,0.00946142365589722,0.00136582742643821
"44",44,"E06000049","England","Cheshire East","North West","Unitary Authority",1166,386667,332,"Cheshire East",386667,0.201899825948426,0.0599378793638971,0.103205083443894,0.115047314614384,0.147049011164646,0.142305911805248,0.121269723043342,0.109285250616163,42086,"Cheshire East",0.966227808292829,0.0163727585396364,0.00378788902187628
"45",45,"E06000050","England","Cheshire West and Chester","North West","Unitary Authority",920,343823,374,"Cheshire West and Chester",343823,0.201202362843672,0.0738810376269185,0.113506077254867,0.115451845862551,0.139865570366148,0.138204832137466,0.116763567300617,0.10112470660776,34430,"Cheshire West and Chester",0.973313754520521,0.0124299167495935,0.00275478750515764
"46",46,"E06000051","England","Shropshire","West Midlands","Unitary Authority",3197,325415,102,"Shropshire",325415,0.185280334342301,0.0626338675230091,0.106783645498825,0.107450486302107,0.139941305717315,0.148333666241568,0.13244318792926,0.117133506445616,22508,"Shropshire",0.978548259067256,0.0100905173962611,0.00189462612166766
"47",47,"E06000054","England","Wiltshire","South West","Unitary Authority",3255,504070,155,"Wiltshire",504070,0.210831828912651,0.0628880909397504,0.108596028329399,0.117130557263872,0.144172436367965,0.137447179955165,0.11579145753566,0.103142420695538,26727,"Wiltshire",0.964399837785388,0.0131173019718418,0.00685377966414781
"48",48,"E06000055","England","Bedford","East of England","Unitary Authority",476,174687,367,"Bedford",174687,0.235695844567713,0.0708581634580707,0.115520903100975,0.134852622118418,0.138985728760583,0.124210731193506,0.0958113654708135,0.0840646413299215,28926,"Bedford",0.804748569650557,0.113869150807409,0.0393830288482909
"49",49,"E06000056","England","Central Bedfordshire","East of England","Unitary Authority",716,294096,411,"Central Bedfordshire",294096,0.221686116098145,0.0646047549099614,0.130130977639954,0.137179696425657,0.139944099885752,0.127492383439421,0.0983420379739949,0.080619933627115,25242,"Central Bedfordshire",0.936563658449334,0.025166973948526,0.0142070359028387
"50",50,"E06000057","England","Northumberland","North East","Unitary Authority",5020,323820,65,"Northumberland",323820,0.181585448706071,0.0619603483416713,0.103165338768452,0.108998826508554,0.134389475634612,0.158625162127108,0.140040763387067,0.111234636526465,19464,"Northumberland",0.983805232447758,0.00841064715784677,0.0010695254850836
"51",51,"E07000008","England","Cambridge","East of England","Non-metropolitan District",41,125063,3073,"Cambridge",125063,0.196333048143736,0.206336006652647,0.158152291245212,0.10657828454459,0.107585776768509,0.091897683567482,0.0686454027170306,0.0644715063607942,54174,"Cambridge",0.824238901402311,0.10994050069833,0.016929448521398
"52",52,"E07000010","England","Fenland","East of England","Non-metropolitan District",546,102080,187,"Fenland",102080,0.199412225705329,0.0675352664576803,0.120444749216301,0.111686912225705,0.1327684169279,0.135423197492163,0.124608150470219,0.108121081504702,21351,"Fenland",0.967479162730155,0.0112846675484453,0.00521719048518822
"53",53,"E07000011","England","Huntingdonshire","East of England","Non-metropolitan District",906,178985,198,"Huntingdonshire",178985,0.206363661759365,0.0639997765175853,0.120322932089281,0.127239712825097,0.144526077604269,0.133754225214403,0.111333351956868,0.0924602620331313,30649,"Huntingdonshire",0.946757675153975,0.0247185973523374,0.00968685843735989
"54",54,"E07000012","England","South Cambridgeshire","East of England","Non-metropolitan District",902,160904,178,"South Cambridgeshire",160904,0.224562472033013,0.0586623079600259,0.102937155073833,0.138809476458012,0.150313230249093,0.127175210063143,0.103968826132352,0.0935713220305275,37079,"South Cambridgeshire",0.929730093106114,0.0372424456320796,0.00852408322409331
"55",55,"E07000028","England","Carlisle","North West","Non-metropolitan District",1038,108524,105,"Carlisle",108524,0.198684162028676,0.069145995355866,0.113615421473591,0.114988389664959,0.137628542995098,0.144299878367919,0.119577236371678,0.102060373742214,30305,"Carlisle",0.979167441687437,0.0116067110598564,0.00136713663926193
"56",56,"E07000031","England","South Lakeland","North West","Non-metropolitan District",1535,104905,68,"South Lakeland",104905,0.168743148562986,0.0613984080835041,0.0844764310566703,0.0989085362947429,0.139392783947381,0.160202087603069,0.1505076021162,0.136371002335446,29032,"South Lakeland",0.983291207625075,0.00759227459530379,0.00176542090335526
"57",57,"E07000032","England","Amber Valley","East Midlands","Non-metropolitan District",265,128829,485,"Amber Valley",128829,0.187752757531301,0.0658935488127673,0.116790474194475,0.114593763826468,0.148087775267991,0.14296470515179,0.123993821266951,0.099923153948257,24865,"Amber Valley",0.980949889215021,0.0075955162743543,0.00206853134274665
"58",58,"E07000034","England","Chesterfield","East Midlands","Non-metropolitan District",66,104930,1589,"Chesterfield",104930,0.189402458782045,0.0707519298580006,0.126026875059564,0.1169636900791,0.14379109882779,0.138530448870676,0.11599161345659,0.0985418850662346,26609,"Chesterfield",0.965111573592323,0.0153389601880757,0.00753458974062512
"59",59,"E07000036","England","Erewash","East Midlands","Non-metropolitan District",110,115332,1052,"Erewash",115332,0.198990739777338,0.0681077237887143,0.128507265979954,0.116524468490965,0.146706898345646,0.134724100856657,0.108252696562966,0.0981861061977595,18653,"Erewash",0.970155512531116,0.0123392903346687,0.00478225569008128
"60",60,"E07000038","England","North East Derbyshire","East Midlands","Non-metropolitan District",276,102216,371,"North East Derbyshire",102216,0.183200281756281,0.0636201768803318,0.111499178210848,0.107067386710495,0.140985755654692,0.145153400641778,0.132865696172811,0.115608123972764,17940,"North East Derbyshire",0.979711784130959,0.00802843783767408,0.00238328469143532
"61",61,"E07000039","England","South Derbyshire","East Midlands","Non-metropolitan District",338,109516,324,"South Derbyshire",109516,0.211065049855729,0.0684648818437489,0.128629606632821,0.128520033602396,0.15008765842434,0.129807516709887,0.104459622338288,0.0789656305927901,30355,"South Derbyshire",0.956072761095433,0.0251027893162529,0.00449207808817157
"62",62,"E07000040","England","East Devon","South West","Non-metropolitan District",814,148080,182,"East Devon",148080,0.17895056726094,0.0544502971366829,0.091923284710967,0.0980010804970286,0.128876283090222,0.143206374932469,0.15284981091302,0.151742301458671,22480,"East Devon",0.983390836271394,0.00702114648527447,0.00110224450198932
"63",63,"E07000041","England","Exeter","South West","Non-metropolitan District",47,133333,2835,"Exeter",133333,0.170722926807317,0.180540451351128,0.170467926169815,0.112387780969452,0.10884777211943,0.0972602431506079,0.0815027037567594,0.0782701956754892,47259,"Exeter",0.929729224864782,0.03901573365712,0.00566343729038065
"64",64,"E07000045","England","Teignbridge","South West","Non-metropolitan District",674,135039,200,"Teignbridge",135039,0.182399158761543,0.0570353749657506,0.100000740526811,0.105302912491947,0.134346374010471,0.152378201852798,0.14443975444131,0.12409748294937,22044,"Teignbridge",0.982490742231525,0.00718885847689583,0.000941877314442119
"65",65,"E07000061","England","Eastbourne","South East","Non-metropolitan District",44,103324,2340,"Eastbourne",103324,0.192839998451473,0.0738550578761953,0.102270527660563,0.116381479617514,0.129466532460996,0.131982888777051,0.124743525221633,0.128459989934575,22066,"Eastbourne",0.939946887699674,0.0281153180702531,0.00787631271878646
"66",66,"E07000063","England","Lewes","South East","Non-metropolitan District",292,103525,354,"Lewes",103525,0.192562183047573,0.0633663366336634,0.0948756339048539,0.109654672784352,0.139666747162521,0.140217338807051,0.132827819367303,0.126829268292683,22299,"Lewes",0.964718672437488,0.0143586798219524,0.00426657914709442
"67",67,"E07000065","England","Wealden","South East","Non-metropolitan District",833,162733,195,"Wealden",162733,0.192210553483313,0.0593979094590526,0.09165934383315,0.10313826943521,0.141612334314491,0.149711490601169,0.136684016149152,0.125586082724463,19984,"Wealden",0.972400362622973,0.0115434979686398,0.00230332740153779
"68",68,"E07000066","England","Basildon","East of England","Non-metropolitan District",110,187558,1705,"Basildon",187558,0.235884366435982,0.0716631655274635,0.134310453299779,0.131916527154267,0.134891606862944,0.119403064652001,0.0920621887629427,0.0798686273046204,34973,"Basildon",0.921528736883729,0.0273127904777733,0.0268485991163172
"69",69,"E07000067","England","Braintree","East of England","Non-metropolitan District",612,153091,250,"Braintree",153091,0.213846666361837,0.0652487736052413,0.115571784102266,0.122031994042759,0.146357395274706,0.131209542037089,0.112906702549464,0.0928271420266377,26584,"Braintree",0.965128769954584,0.0135840744064616,0.00620733730385358
"70",70,"E07000070","England","Chelmsford","East of England","Non-metropolitan District",339,179549,530,"Chelmsford",179549,0.213696539663267,0.068053846025319,0.126951417161889,0.133434327119616,0.142362252087174,0.122078095673047,0.10245114147113,0.0909723807985564,32346,"Chelmsford",0.937383399679163,0.029481314241578,0.0121858475432238
"71",71,"E07000071","England","Colchester","East of England","Non-metropolitan District",328,197200,601,"Colchester",197200,0.207555780933063,0.109589249492901,0.145598377281947,0.126338742393509,0.128737322515213,0.10948275862069,0.093341784989858,0.0793559837728195,26202,"Colchester",0.919993759894612,0.0367183979107203,0.0148780290511573
"72",72,"E07000072","England","Epping Forest","East of England","Non-metropolitan District",339,132175,390,"Epping Forest",132175,0.213126536788349,0.0672441838471723,0.121898997541139,0.127974276527331,0.14103272177038,0.132604501607717,0.100480423680726,0.0956383582371856,35349,"Epping Forest",0.904010139660995,0.0475055952638799,0.0192846084117472
"73",73,"E07000076","England","Tendring","East of England","Non-metropolitan District",336,147353,438,"Tendring",147353,0.183776373741967,0.0627812124625898,0.0954307004268661,0.0890039564854465,0.124076197973574,0.14598277605478,0.156298141198347,0.14265064165643,16549,"Tendring",0.975059399629114,0.00923591794158553,0.00314383402874363
"74",74,"E07000078","England","Cheltenham","South West","Non-metropolitan District",47,116043,2490,"Cheltenham",116043,0.201821738493489,0.0883120912075696,0.127952569306205,0.130684315296916,0.128926346268194,0.123083684496264,0.101402066475358,0.0978171884560034,33143,"Cheltenham",0.941969377527391,0.0317543980921439,0.00622991048283966
"75",75,"E07000081","England","Gloucester","South West","Non-metropolitan District",41,129709,3199,"Gloucester",129709,0.221942964636224,0.0861775204496218,0.131748760687385,0.130522939811424,0.135696058099284,0.123329915426069,0.0910808039534651,0.0795010369365271,28397,"Gloucester",0.890194596016041,0.0479833672999803,0.0286470317533364
"76",76,"E07000082","England","Stroud","South West","Non-metropolitan District",461,120903,263,"Stroud",120903,0.200119103744324,0.0618760493949695,0.100287006939447,0.113487671935353,0.151220399824653,0.145662225089535,0.124173924551086,0.103173618520632,27240,"Stroud",0.978630773459598,0.00665904113354437,0.00230539373464918
"77",77,"E07000084","England","Basingstoke and Deane","South East","Non-metropolitan District",634,177760,280,"Basingstoke and Deane",177760,0.221799054905491,0.0674223672367237,0.12134900990099,0.137561881188119,0.147024077407741,0.12865099009901,0.0966415391539154,0.0795510801080108,44484,"Basingstoke and Deane",0.928044863199423,0.0400181169136884,0.011376706654986
"78",78,"E07000085","England","East Hampshire","South East","Non-metropolitan District",514,123838,241,"East Hampshire",123838,0.203515883654452,0.0635265427413233,0.0941310421679937,0.107955554837772,0.147515302249713,0.146756246063405,0.121998094284468,0.114601334000872,26140,"East Hampshire",0.963324337416096,0.016080202062141,0.00447200885751851
"79",79,"E07000086","England","Eastleigh","South East","Non-metropolitan District",80,135520,1701,"Eastleigh",135520,0.215023612750885,0.0651416765053129,0.125855962219599,0.131124557260921,0.137057260920897,0.128305785123967,0.104250295159386,0.0932408500590319,37549,"Eastleigh",0.945263141079402,0.0298724430706316,0.00483230696730805
"80",80,"E07000087","England","Fareham","South East","Non-metropolitan District",74,116338,1567,"Fareham",116338,0.188141449913184,0.0657394832298991,0.108623149787688,0.113110075813578,0.142498581718785,0.142696281524523,0.120674242294005,0.118516735718338,30099,"Fareham",0.966777497961122,0.0149398195033205,0.0031994694437225
"81",81,"E07000090","England","Havant","South East","Non-metropolitan District",56,126339,2267,"Havant",126339,0.198141508164541,0.0724479376914492,0.114707255875066,0.104520377713928,0.130973017041452,0.141919755578246,0.121538084043724,0.115752063891593,25274,"Havant",0.970286036259985,0.0118242683371449,0.0032150077889364
"82",82,"E07000091","England","New Forest","South East","Non-metropolitan District",752,179649,239,"New Forest",179649,0.176533128489443,0.0593546304182044,0.0905543587773937,0.0965493824068044,0.131823722926373,0.149218754348758,0.147125784168017,0.148840238465007,29841,"New Forest",0.973223696886582,0.00943545919234736,0.00346816878421417
"83",83,"E07000093","England","Test Valley","South East","Non-metropolitan District",628,127163,203,"Test Valley",127163,0.209463444555413,0.0594197997845285,0.109481531577582,0.120152874656936,0.145781398677288,0.136470514221904,0.114868318614691,0.104362117911657,31497,"Test Valley",0.957851509476108,0.0203439921648138,0.00418392068592244
"84",84,"E07000094","England","Winchester","South East","Non-metropolitan District",661,125925,191,"Winchester",125925,0.209656541592218,0.0968910065515188,0.0955330553901132,0.112860829859043,0.139225729600953,0.130633313480246,0.10931109787572,0.105888425650189,48820,"Winchester",0.954706462541275,0.0226339036836914,0.00391955058107123
"85",85,"E07000096","England","Dacorum","East of England","Non-metropolitan District",212,155457,732,"Dacorum",155457,0.228777089484552,0.0633229767717118,0.123165891532707,0.142824060672726,0.139807149243842,0.127456467061631,0.0925529246029449,0.0820934406298848,33048,"Dacorum",0.906515150469116,0.0467389728472112,0.0206424710211465
"86",86,"E07000098","England","Hertsmere","East of England","Non-metropolitan District",101,105471,1043,"Hertsmere",105471,0.238918754918414,0.0669852376482635,0.115007916868144,0.134359207744309,0.13845512036484,0.122792047102995,0.0939784395710669,0.0895032757819685,45519,"Hertsmere",0.848826863672262,0.0739070888024712,0.0392578300726775
"87",87,"E07000099","England","North Hertfordshire","East of England","Non-metropolitan District",375,133463,356,"North Hertfordshire",133463,0.218300203052531,0.0592973333433236,0.116481721525816,0.140450911488577,0.145883128657381,0.125855105909503,0.0989487723189199,0.0947828237039479,31739,"North Hertfordshire",0.894645751058105,0.0536604937300376,0.0195965825951508
"88",88,"E07000105","England","Ashford","South East","Non-metropolitan District",581,131018,226,"Ashford",131018,0.22993023859317,0.0666702285182189,0.115678761696866,0.120868888244363,0.143293287945168,0.126845166313026,0.106244943442886,0.090468485246302,28532,"Ashford",0.932457865644817,0.0338346502085523,0.0116568890094612
"89",89,"E07000106","England","Canterbury","South East","Non-metropolitan District",309,166762,540,"Canterbury",166762,0.179663232630935,0.154033892613425,0.135300608052194,0.0956692771734568,0.112075892589439,0.115625862006932,0.109011645338866,0.0986195895947518,23998,"Canterbury",0.927890436335969,0.0339739984782824,0.0128155082867445
"90",90,"E07000107","England","Dartford","South East","Non-metropolitan District",73,114051,1568,"Dartford",114051,0.250800080665667,0.0659266468509702,0.14440031214106,0.157017474638539,0.135676144882553,0.107074905086321,0.0736863333070293,0.0654181024278612,39533,"Dartford",0.871216556257382,0.0595593899245109,0.0367483181841524
"91",91,"E07000108","England","Dover","South East","Non-metropolitan District",315,118514,376,"Dover",118514,0.196348110771723,0.0653087398957085,0.111058609109472,0.108459760028351,0.134422937374487,0.146446833285519,0.13123344077493,0.106721568759809,25139,"Dover",0.964700825617422,0.0181868653401866,0.0034564894245751
"92",92,"E07000109","England","Gravesham","South East","Non-metropolitan District",99,106890,1080,"Gravesham",106890,0.239040134717934,0.0703807652727103,0.125643184582281,0.12977827673309,0.139479839086912,0.121639068200954,0.0913088221536159,0.0827299092525026,20264,"Gravesham",0.824872198191113,0.104246952418403,0.0283621706645694
"93",93,"E07000110","England","Maidstone","South East","Non-metropolitan District",393,173132,440,"Maidstone",173132,0.223251623039068,0.0673936649492873,0.123454936118106,0.12780421874639,0.140257144837465,0.124950904512164,0.102592241757734,0.0902952660397847,29999,"Maidstone",0.935640022430919,0.0318609283048542,0.00889501943368376
"94",94,"E07000111","England","Sevenoaks","South East","Non-metropolitan District",369,121387,329,"Sevenoaks",121387,0.225625478840403,0.0592402810844654,0.100002471434338,0.124486147610535,0.144035193224975,0.130145732244804,0.112738596390058,0.103726099170422,38422,"Sevenoaks",0.954261791405917,0.0181473196800501,0.00742429913049533
"95",95,"E07000112","England","Folkestone and Hythe","South East","Non-metropolitan District",357,113320,317,"Folkestone and Hythe",113320,0.187610307094952,0.0644105188845746,0.107818566890222,0.109504059301094,0.138528062124956,0.142410871867278,0.135104129897635,0.114613483939287,23178,"Folkestone and Hythe",0.945187970621197,0.0342598338411952,0.00424195833989386
"96",96,"E07000113","England","Swale","South East","Non-metropolitan District",373,151015,404,"Swale",151015,0.227341654802503,0.0745886170247989,0.120941628315068,0.121021090620137,0.133139092143165,0.130205608714366,0.107254246266927,0.0855080621130351,23144,"Swale",0.960172267824935,0.0109618286892185,0.0102698126403357
"97",97,"E07000114","England","Thanet","South East","Non-metropolitan District",104,141458,1365,"Thanet",141458,0.210613751078058,0.0681191590436737,0.107834127444188,0.109827652023922,0.128716650878706,0.134308416632499,0.130688967750145,0.109891275148807,18833,"Thanet",0.953951977106405,0.0186606650470243,0.00678163146677001
"98",98,"E07000115","England","Tonbridge and Malling","South East","Non-metropolitan District",240,132571,552,"Tonbridge and Malling",132571,0.230125743940983,0.0664549562121429,0.109812854998454,0.126792435751409,0.148297893204396,0.128527355153088,0.0994636836110462,0.0905250771284821,40097,"Tonbridge and Malling",0.956268366375564,0.0201233392657589,0.00348495509291834
"99",99,"E07000116","England","Tunbridge Wells","South East","Non-metropolitan District",331,118939,359,"Tunbridge Wells",118939,0.228074895534686,0.0577775162057862,0.100816384869555,0.133127065134228,0.155171978913561,0.128208577506117,0.0998410950150918,0.0969824868209755,33599,"Tunbridge Wells",0.946700970890664,0.0252327269250493,0.00554546323740319
"100",100,"E07000118","England","Chorley","North West","Non-metropolitan District",203,118870,586,"Chorley",118870,0.205543871456213,0.0640615798771767,0.122091360309582,0.127265079498612,0.147135526205098,0.133153865567427,0.113510557752166,0.0872381593337259,21469,"Chorley",0.968466240492744,0.0159581914049741,0.0037422425458448
"101",101,"E07000121","England","Lancaster","North West","Non-metropolitan District",567,148119,261,"Lancaster",148119,0.187673424746319,0.139793004273591,0.130341144620204,0.101114644306267,0.118026721757506,0.124325711083656,0.105847325461285,0.092878023751173,23040,"Lancaster",0.954009033423668,0.026970189701897,0.00453839205058717
"102",102,"E07000126","England","South Ribble","North West","Non-metropolitan District",113,111086,982,"South Ribble",111086,0.202356732621572,0.0676952991376051,0.118241722629314,0.115910195704229,0.142736258394397,0.137326035684065,0.117233494769818,0.0985002610589993,37636,"South Ribble",0.970409969098728,0.0147812611753487,0.00245743051798601
"103",103,"E07000127","England","West Lancashire","North West","Non-metropolitan District",347,114496,330,"West Lancashire",114496,0.194364868641699,0.104929429849078,0.109418669647848,0.0957326020122974,0.134432643935159,0.138441517607602,0.117855645612074,0.104824622694243,25890,"West Lancashire",0.981117585942088,0.00824863350950897,0.00157202873018024
"104",104,"E07000128","England","Wyre","North West","Non-metropolitan District",282,113067,401,"Wyre",113067,0.178681666622445,0.0601590207576039,0.101948402274757,0.0992243537017874,0.131736050306455,0.14938045583592,0.145276694349368,0.133593356151662,19252,"Wyre",0.981503308615393,0.00921586279223009,0.00120650771700897
"105",105,"E07000129","England","Blaby","East Midlands","Non-metropolitan District",130,101950,781,"Blaby",101950,0.21282000980873,0.064737616478666,0.122275625306523,0.126316821971555,0.138901422265817,0.130956351152526,0.108229524276606,0.0957626287395782,40282,"Blaby",0.908800511100463,0.0608848426768887,0.0095831336847149
"106",106,"E07000130","England","Charnwood","East Midlands","Non-metropolitan District",279,188416,675,"Charnwood",188416,0.190939198369565,0.131788170855978,0.13618800951087,0.116439155910326,0.125541355298913,0.117686396059783,0.0981286090353261,0.0832891049592391,22482,"Charnwood",0.873208910295003,0.0971583383503913,0.00798916315472607
"107",107,"E07000132","England","Hinckley and Bosworth","East Midlands","Non-metropolitan District",297,113666,382,"Hinckley and Bosworth",113666,0.199725511586578,0.0623845301145461,0.117167842626643,0.11926169654954,0.143904069818591,0.136153291221649,0.121575493111397,0.0998275649710555,24423,"Hinckley and Bosworth",0.963883971906584,0.0213745979177373,0.00249338586573783
"108",108,"E07000134","England","North West Leicestershire","East Midlands","Non-metropolitan District",279,104809,375,"North West Leicestershire",104809,0.204409926628438,0.0692879428293372,0.119092825997767,0.120543083132174,0.15131334141152,0.133948420460075,0.113587573586238,0.0878168859544505,41153,"North West Leicestershire",0.974772114520478,0.011490563615355,0.00219326400479308
"109",109,"E07000137","England","East Lindsey","East Midlands","Non-metropolitan District",1767,142030,80,"East Lindsey",142030,0.171365204534253,0.0552629726114201,0.0904668027881434,0.0873195803703443,0.128078574948954,0.163634443427445,0.167767373090192,0.136105048229247,19205,"East Lindsey",0.984252314865727,0.00578441507027075,0.00193546968130732
"110",110,"E07000138","England","Lincoln","East Midlands","Non-metropolitan District",36,100049,2803,"Lincoln",100049,0.181980829393597,0.197623164649322,0.144549170906256,0.11134544073404,0.106088016871733,0.105328389089346,0.0817899229377605,0.0712950654179452,31924,"Lincoln",0.95465090174362,0.0191787558396853,0.00831720849680889
"111",111,"E07000139","England","North Kesteven","East Midlands","Non-metropolitan District",922,118149,128,"North Kesteven",118149,0.194804865043293,0.0610331022691686,0.113830840718076,0.115134279596103,0.141490829376465,0.137834429406935,0.123310396194636,0.112561257395323,24248,"North Kesteven",0.981394874079023,0.00695952341183676,0.00232912050182803
"112",112,"E07000141","England","South Kesteven","East Midlands","Non-metropolitan District",943,143225,152,"South Kesteven",143225,0.205739221504626,0.0575528015360447,0.100946063885495,0.114658753709199,0.142754407400943,0.144060045383138,0.127037877465526,0.107250829115029,23392,"South Kesteven",0.9740484946333,0.0118097288247077,0.00380452656441534
"113",113,"E07000143","England","Breckland","East of England","Non-metropolitan District",1305,141255,108,"Breckland",141255,0.192304697178861,0.0648897384163392,0.112880959966019,0.107387349120385,0.130388304838767,0.139110119995752,0.132674949559308,0.120363880924569,21096,"Breckland",0.9725728211141,0.00796989830716295,0.00456736479910492
"114",114,"E07000144","England","Broadland","East of England","Non-metropolitan District",552,131931,239,"Broadland",131931,0.184551015303454,0.0598949450849308,0.101916911112627,0.111982778876837,0.142589687033374,0.14064927878967,0.132607196185885,0.125808187613222,30529,"Broadland",0.976774224604079,0.010148741235178,0.00265552043386872
"115",115,"E07000146","England","King's Lynn and West Norfolk","East of England","Non-metropolitan District",1440,151245,105,"King's Lynn and West Norfolk",151245,0.19566927832325,0.0597441237726867,0.103355482825879,0.104876194254356,0.129518331184502,0.142847697444544,0.138622764388905,0.125366127805878,23786,"King's Lynn and West Norfolk",0.970858115577378,0.0126347057666615,0.00380465374938115
"116",116,"E07000147","England","North Norfolk","East of England","Non-metropolitan District",966,105167,109,"North Norfolk",105167,0.153726929550144,0.054094915705497,0.0855591582910989,0.0877176300550553,0.123175520838286,0.160544657544667,0.174712599960064,0.160468588055188,18671,"North Norfolk",0.986029419009054,0.00523157863624272,0.00154681326909625
"117",117,"E07000148","England","Norwich","East of England","Non-metropolitan District",39,142177,3644,"Norwich",142177,0.183806100846128,0.169092047236895,0.172503288154906,0.119998311963257,0.109511383697785,0.0947902966021227,0.078142034224945,0.0721565372739613,33019,"Norwich",0.907449891330597,0.0441016662641874,0.0162023062062304
"118",118,"E07000149","England","South Norfolk","East of England","Non-metropolitan District",908,143066,158,"South Norfolk",143066,0.202822473543679,0.0598674737533726,0.102644933107796,0.118924132917674,0.139816588148127,0.13541302615576,0.125410649630241,0.115100722743349,23405,"South Norfolk",0.974083153243235,0.0102409444247331,0.00304809212011741
"119",119,"E07000165","England","Harrogate","Yorkshire and The Humber","Non-metropolitan District",1308,161545,124,"Harrogate",161545,0.205205979757962,0.0523135968306045,0.0925810145779814,0.113893961434894,0.149103964839518,0.148843975362902,0.122133151753381,0.115924355442756,31697,"Harrogate",0.962620907207875,0.0152594872964293,0.0072655176127042
"120",120,"E07000168","England","Scarborough","Yorkshire and The Humber","Non-metropolitan District",816,108737,133,"Scarborough",108737,0.178963922124024,0.0604118193439216,0.103285910039821,0.0938870853527318,0.128364770041476,0.157315357238107,0.149590295851458,0.128180840008461,22748,"Scarborough",0.974943240833509,0.012537571351098,0.00220602428465067
"121",121,"E07000170","England","Ashfield","East Midlands","Non-metropolitan District",110,128337,1171,"Ashfield",128337,0.210547231118072,0.0730342769427367,0.130461207601861,0.120074491378168,0.139733669947092,0.131980644708852,0.104911288248907,0.0892571900543101,25506,"Ashfield",0.976509870540683,0.00919688360377248,0.00394988995539637
"122",122,"E07000171","England","Bassetlaw","East Midlands","Non-metropolitan District",638,118280,185,"Bassetlaw",118280,0.201454176530267,0.0656746702739263,0.112005410889415,0.111371322286101,0.14249239093676,0.143667568481569,0.121880284071694,0.101454176530267,23271,"Bassetlaw",0.9728431815564,0.0111196760674446,0.00460735582077386
"123",123,"E07000172","England","Broxtowe","East Midlands","Non-metropolitan District",80,114627,1431,"Broxtowe",114627,0.188672825774032,0.0819265967006028,0.13275231838921,0.12079178553046,0.13476755040261,0.129437218107427,0.112565102462771,0.0990866026328875,22231,"Broxtowe",0.92731557171171,0.0411281704677268,0.0085215596372172
"124",124,"E07000173","England","Gedling","East Midlands","Non-metropolitan District",120,118239,985,"Gedling",118239,0.199316638334221,0.0655198369404342,0.123630950870694,0.124459780613841,0.14115477972581,0.134853982188618,0.114412334339769,0.0966516969866119,16392,"Gedling",0.930255497917089,0.0294425900319703,0.0145583611495204
"125",125,"E07000174","England","Mansfield","East Midlands","Non-metropolitan District",77,109351,1426,"Mansfield",109351,0.209636857459008,0.066492304597123,0.130835566204241,0.12427869886878,0.135883531014806,0.137035783852,0.107763074869,0.0880741831350422,18904,"Mansfield",0.971799437137442,0.0123389428139299,0.00380985200926617
"126",126,"E07000175","England","Newark and Sherwood","East Midlands","Non-metropolitan District",651,123127,189,"Newark and Sherwood",123127,0.199883047585014,0.067483167786107,0.115652943708529,0.110763683026469,0.140391628156294,0.141829168257165,0.121939136014034,0.102057225466388,24702,"Newark and Sherwood",0.972895999721296,0.00902305407735788,0.004346046317183
"127",127,"E07000176","England","Rushcliffe","East Midlands","Non-metropolitan District",409,121416,297,"Rushcliffe",121416,0.20510476378731,0.0742900441457469,0.11410357778217,0.12462113724715,0.141447585161758,0.130089938723068,0.109746656124399,0.100596297028398,27729,"Rushcliffe",0.931179080168093,0.0415193153902222,0.00564209162324866
"128",128,"E07000177","England","Cherwell","South East","Non-metropolitan District",589,151846,258,"Cherwell",151846,0.224582800995746,0.0630968217799613,0.117994547106937,0.139470252756082,0.141985959458926,0.128090302016517,0.0978162085270603,0.0869631073587714,37031,"Cherwell",0.920968787887332,0.0425677390250092,0.0138227084331914
"129",129,"E07000178","England","Oxford","South East","Non-metropolitan District",46,151584,3324,"Oxford",151584,0.199170097107874,0.217476778551826,0.159832172260925,0.109563014566181,0.0980512455140384,0.089560903525438,0.0657391281401731,0.0606066603335444,48030,"Oxford",0.775907469092728,0.123938488275644,0.0462654536358011
"130",130,"E07000179","England","South Oxfordshire","South East","Non-metropolitan District",679,143782,212,"South Oxfordshire",143782,0.214943456065432,0.0608281982445647,0.10690489769234,0.125140838213406,0.148203530344549,0.132123631608964,0.107551710227984,0.10430373760276,33105,"South Oxfordshire",0.959786081917516,0.0179134048876409,0.00572037212212399
"131",131,"E07000180","England","Vale of White Horse","South East","Non-metropolitan District",578,137910,239,"Vale of White Horse",137910,0.216206221448771,0.0644115727648466,0.119643245594953,0.131136248277862,0.139039953592923,0.127177144514538,0.10474947429483,0.0976361395112755,34758,"Vale of White Horse",0.948151882831355,0.0244817667867888,0.010166297484048
"132",132,"E07000181","England","West Oxfordshire","South East","Non-metropolitan District",714,111758,156,"West Oxfordshire",111758,0.206535550027739,0.060666797902611,0.1140321050842,0.12164677249056,0.141367955761556,0.135569713130156,0.113450491240001,0.106730614363178,27698,"West Oxfordshire",0.966672711134865,0.0135905095486691,0.00417068305671938
"133",133,"E07000187","England","Mendip","South West","Non-metropolitan District",739,116288,157,"Mendip",116288,0.204586887727023,0.0609263208585581,0.0995373555310952,0.107749724821134,0.143643368189323,0.1447956796918,0.129248073747936,0.109512589433132,23306,"Mendip",0.977415605926116,0.00850117588923764,0.00192168669186211
"134",134,"E07000188","England","Sedgemoor","South West","Non-metropolitan District",564,123446,219,"Sedgemoor",123446,0.200298106054469,0.0651944979991251,0.106346094648672,0.105406412520454,0.137493316915898,0.144362717301492,0.129254896877987,0.111643957681901,25385,"Sedgemoor",0.982581073061752,0.00641428421824275,0.00122176842252243
"135",135,"E07000189","England","South Somerset","South West","Non-metropolitan District",959,168696,176,"South Somerset",168696,0.195600369896145,0.0608135344050837,0.104981742305686,0.103215251102575,0.132878076540048,0.142955375349742,0.138290178783137,0.121265471617584,25929,"South Somerset",0.979775866239155,0.00873836383594947,0.00221404960215327
"136",136,"E07000192","England","Cannock Chase","West Midlands","Non-metropolitan District",79,101484,1287,"Cannock Chase",101484,0.200021678294115,0.0710850971581727,0.134533522525718,0.122600606992235,0.146111702337314,0.132257301643609,0.104942651058295,0.0884474399905404,24497,"Cannock Chase",0.977283454064148,0.0100757218197862,0.00287291457183312
"137",137,"E07000193","England","East Staffordshire","West Midlands","Non-metropolitan District",387,120923,312,"East Staffordshire",120923,0.217973421102685,0.0704167114610124,0.123897025379787,0.123500078562391,0.138947925539393,0.131728455298,0.103363297304897,0.0901730853518355,34264,"East Staffordshire",0.903585923949887,0.0692357130908675,0.00900662951321941
"138",138,"E07000194","England","Lichfield","West Midlands","Non-metropolitan District",331,105637,319,"Lichfield",105637,0.192006588600585,0.0663498584776167,0.109128430379507,0.112791919497903,0.142686748014427,0.136950121642985,0.123621458390526,0.11646487499645,26133,"Lichfield",0.96753233850617,0.0161245454726091,0.00477874699465496
"139",139,"E07000195","England","Newcastle-under-Lyme","West Midlands","Non-metropolitan District",211,129610,614,"Newcastle-under-Lyme",129610,0.181498341177378,0.106411542319265,0.134534372347813,0.111604042897925,0.131116426201682,0.126926934650104,0.110114960265412,0.0977933801404213,20425,"Newcastle-under-Lyme",0.949479700656328,0.0283520759499802,0.0066843732592778
"140",140,"E07000196","England","South Staffordshire","West Midlands","Non-metropolitan District",407,112369,276,"South Staffordshire",112369,0.177611262892791,0.0696633413129956,0.110626596303251,0.104210235919159,0.142503715437532,0.147896661890735,0.128291610675542,0.119196575567995,20998,"South Staffordshire",0.957838177765858,0.0196243445450426,0.00534536811830095
"141",141,"E07000197","England","Stafford","West Midlands","Non-metropolitan District",598,137858,230,"Stafford",137858,0.191465130786752,0.0638192923152809,0.1231992339944,0.115727777858376,0.142313104788986,0.137518315948295,0.118607552699154,0.107349591608757,26742,"Stafford",0.948956590177964,0.0251243610022236,0.00845884051990922
"142",142,"E07000202","England","Ipswich","East of England","Non-metropolitan District",40,135979,3442,"Ipswich",135979,0.227373344413476,0.0751733723589672,0.146132858750248,0.134976724347142,0.129424396414152,0.116459159134866,0.0912126137124115,0.0792475308687371,34607,"Ipswich",0.888015054279374,0.0430336472140587,0.0232111797516944
"143",143,"E07000203","England","Mid Suffolk","East of England","Non-metropolitan District",871,104857,120,"Mid Suffolk",104857,0.187436222665154,0.0616458605529435,0.105610498106946,0.108881619729727,0.142098286237447,0.145998836510676,0.136318986810609,0.112009689386498,24781,"Mid Suffolk",0.977876792341648,0.00668865203502497,0.00383537852394786
"144",144,"E07000207","England","Elmbridge","South East","Non-metropolitan District",95,137215,1444,"Elmbridge",137215,0.247582261414568,0.0551761833618773,0.0817767736763473,0.141201763655577,0.159261013737565,0.128542797799074,0.0940567722187807,0.0924024341362096,50527,"Elmbridge",0.901394460362942,0.0540592168099331,0.00771728748806113
"145",145,"E07000209","England","Guildford","South East","Non-metropolitan District",271,150352,555,"Guildford",150352,0.195328296264765,0.137670267106523,0.143809194423752,0.114611046078536,0.127653772480579,0.113526923486219,0.0872884963286155,0.0801120038310099,39600,"Guildford",0.905476626112565,0.0482275500608676,0.0120714665811361
"146",146,"E07000211","England","Reigate and Banstead","South East","Non-metropolitan District",129,149243,1156,"Reigate and Banstead",149243,0.230396065477108,0.0604048431082195,0.112099059922408,0.144221169502087,0.145621570190897,0.124360941551698,0.0942958798737629,0.0886004703738199,42951,"Reigate and Banstead",0.904704900787173,0.0507273188957812,0.0157144411796713
"147",147,"E07000216","England","Waverley","South East","Non-metropolitan District",345,126556,367,"Waverley",126556,0.227259078984797,0.064959385568444,0.0820032238692753,0.121740573343026,0.151308511647018,0.129152312019975,0.107604538702235,0.11597237586523,29662,"Waverley",0.958691145987563,0.01877899516336,0.00442536110288553
"148",148,"E07000217","England","Woking","South East","Non-metropolitan District",64,100008,1572,"Woking",100008,0.239190864730822,0.058655307575394,0.107151427885769,0.150707943364531,0.148548116150708,0.120150387968962,0.0909527237820974,0.0846432285417167,37107,"Woking",0.834442226657796,0.11554668440896,0.0139418133430109
"149",149,"E07000219","England","Nuneaton and Bedworth","West Midlands","Non-metropolitan District",79,130373,1651,"Nuneaton and Bedworth",130373,0.218841324507375,0.0712570854394698,0.12827809439071,0.12524065565723,0.136331909214331,0.12698948401893,0.105781104983394,0.0872803417885605,20495,"Nuneaton and Bedworth",0.912696004854214,0.0629131670552167,0.00835914795771724
"150",150,"E07000220","England","Rugby","West Midlands","Non-metropolitan District",351,110650,315,"Rugby",110650,0.227220967013104,0.0656032535020334,0.123416177135111,0.13472209670131,0.139078174423859,0.12122006326254,0.0954360596475373,0.0933032083145052,31283,"Rugby",0.903372470647015,0.0522108418685985,0.0198551086684986
"151",151,"E07000221","England","Stratford-on-Avon","West Midlands","Non-metropolitan District",978,132402,135,"Stratford-on-Avon",132402,0.187920122052537,0.0624688448814973,0.102944064289059,0.106153985589342,0.142754641168562,0.143834685276657,0.129016178003353,0.124907478738992,44151,"Stratford-on-Avon",0.972187409221065,0.0121674897290119,0.00219114412582479
"152",152,"E07000222","England","Warwick","West Midlands","Non-metropolitan District",283,144909,512,"Warwick",144909,0.191775528090043,0.114471840948457,0.139570351047899,0.118771090822516,0.130247258624378,0.116942356927451,0.0958256561014154,0.0923959174378403,50832,"Warwick",0.891215273741718,0.0722495059862839,0.00706875508543531
"153",153,"E07000224","England","Arun","South East","Non-metropolitan District",221,161123,729,"Arun",161123,0.180452201113435,0.0588122117885094,0.0991478559857997,0.102753796788789,0.128510516810139,0.139253861956394,0.146465743562372,0.144603811994563,18389,"Arun",0.969488623443331,0.0141521422169906,0.00359822897577549
"154",154,"E07000225","England","Chichester","South East","Non-metropolitan District",786,121508,155,"Chichester",121508,0.18505777397373,0.0708924515258255,0.0890805543667907,0.0988329986502946,0.131867860552392,0.14746354149521,0.138789215524904,0.138015603910854,32750,"Chichester",0.967397226567306,0.0142098880433063,0.00455208534720636
"155",155,"E07000226","England","Crawley","South East","Non-metropolitan District",45,112474,2501,"Crawley",112474,0.245043298895745,0.0685225029784661,0.140708074755055,0.158970073083557,0.134866724754165,0.114088589362875,0.0764087700268506,0.0613919661432865,61209,"Crawley",0.798362055217314,0.129694081446945,0.032543129731606
"156",156,"E07000227","England","Horsham","South East","Non-metropolitan District",530,145474,274,"Horsham",145474,0.204380164153045,0.058264707095426,0.102265696963031,0.117306185297716,0.146204820105311,0.14248594250519,0.119313416830499,0.109779067049782,27857,"Horsham",0.958317149145856,0.0196875880610201,0.00495807343432266
"157",157,"E07000228","England","Mid Sussex","South East","Non-metropolitan District",334,152142,455,"Mid Sussex",152142,0.220018140947273,0.0573017312773593,0.103409972262755,0.134933154552983,0.149715397457638,0.129030773882294,0.10685412312182,0.098736706497877,26725,"Mid Sussex",0.95006435006435,0.0268911768911769,0.00563420563420563
"158",158,"E07000229","England","Worthing","South East","Non-metropolitan District",33,110727,3405,"Worthing",110727,0.19727799001147,0.0627398918059733,0.105900096634064,0.128884553902842,0.145456844310782,0.132650573030968,0.114172695006638,0.112917355297263,39693,"Worthing",0.936897935779817,0.0322247706422018,0.00830466360856269
"159",159,"E07000234","England","Bromsgrove","West Midlands","Non-metropolitan District",217,100569,464,"Bromsgrove",100569,0.20711153536378,0.059690361841124,0.108781035905697,0.118774174944565,0.145333054917519,0.133122532788434,0.115801091787728,0.111386212451153,33036,"Bromsgrove",0.957110971090488,0.0205581127118554,0.0047417153475656
"160",160,"E07000237","England","Worcester","West Midlands","Non-metropolitan District",33,100265,3013,"Worcester",100265,0.204268687976861,0.101520969431008,0.141714456689772,0.123532638507954,0.13366578566798,0.118904902009674,0.0944397347030369,0.0819528250137137,34065,"Worcester",0.933308358982666,0.0442046006803823,0.00478900048598736
"161",161,"E07000238","England","Wychavon","West Midlands","Non-metropolitan District",664,131084,198,"Wychavon",131084,0.190931006072442,0.0599539226755363,0.100424155503341,0.107450184614446,0.141489426627201,0.146158188642397,0.135302554087455,0.118290561777181,27518,"Wychavon",0.974782802024901,0.00965419346011766,0.00194965111506362
"162",162,"E07000239","England","Wyre Forest","West Midlands","Non-metropolitan District",195,101139,518,"Wyre Forest",101139,0.192487566616241,0.0648315684355194,0.110560713473536,0.107673597721947,0.140737005507272,0.134053134794688,0.132540365239917,0.117116048210878,18490,"Wyre Forest",0.968594029089053,0.0141872926767032,0.00218423067108956
"163",163,"E07000240","England","St Albans","East of England","Non-metropolitan District",161,149317,926,"St Albans",149317,0.248531647434652,0.0580777808287067,0.107234943107617,0.145569493091878,0.152480963319649,0.116523905516452,0.0873242832363361,0.0842569834647093,35073,"St Albans",0.883061764204061,0.0640604561223909,0.0169766251492919
"164",164,"E07000241","England","Welwyn Hatfield","East of England","Non-metropolitan District",130,123893,956,"Welwyn Hatfield",123893,0.209664791392573,0.126673823379852,0.152978780076356,0.12982977246495,0.117222119086631,0.109150638050576,0.0768647139063547,0.0776153616427078,45930,"Welwyn Hatfield",0.839381191477812,0.0787442891391867,0.0451350251051703
"165",165,"E07000242","England","East Hertfordshire","East of England","Non-metropolitan District",476,151786,319,"East Hertfordshire",151786,0.221509230100273,0.0635565862464259,0.113403080653025,0.132548456379376,0.153848180991659,0.132779044180623,0.0968007589632773,0.0855546624853412,32199,"East Hertfordshire",0.954331200476443,0.019471700305766,0.00714664420025129
"166",166,"E08000001","England","Bolton","North West","Metropolitan District",140,288248,2062,"Bolton",288248,0.23913782576115,0.0775269906469429,0.13222294690683,0.124517776359246,0.134356526324554,0.118581915572701,0.0956988426632622,0.0779571757653132,23623,"Bolton",0.818072445860701,0.139996242584524,0.0168072084570751
"167",167,"E08000002","England","Bury","North West","Metropolitan District",99,190708,1917,"Bury",190708,0.226419447532353,0.0710353000398515,0.131232040606582,0.125930742286637,0.136811250707888,0.12476141535751,0.099660213520146,0.084149589949032,21727,"Bury",0.891386577326273,0.072446774019237,0.01022911488166
"168",168,"E08000003","England","Manchester","North West","Metropolitan District",116,555741,4805,"Manchester",555741,0.222895197583047,0.154237315584058,0.212680007413525,0.133648588101292,0.102267063254286,0.0815001952348306,0.0528933442017055,0.0398782886272562,47891,"Manchester",0.665040834620285,0.170903171565032,0.0864274825242931
"169",169,"E08000004","England","Oldham","North West","Metropolitan District",142,237628,1669,"Oldham",237628,0.250180955106301,0.0834581783291531,0.135636372818018,0.125443971249179,0.129084114666622,0.114527749255138,0.0888363324187385,0.0728323261568502,20380,"Oldham",0.774861380987741,0.19193230678933,0.0124368044037937
"170",170,"E08000005","England","Rochdale","North West","Metropolitan District",158,223659,1414,"Rochdale",223659,0.240750428107074,0.0781099799247962,0.138983899597155,0.126187633853321,0.131566357714199,0.1192976808445,0.0930478988102424,0.072056121148713,20093,"Rochdale",0.815724212206954,0.149410247568482,0.0130846154209514
"171",171,"E08000006","England","Salford","North West","Metropolitan District",97,262697,2703,"Salford",262697,0.222469232614,0.102719102235656,0.179602355565537,0.136012211787725,0.115159289980472,0.104618629066948,0.0760990799285869,0.0633200988210752,34205,"Salford",0.900552722360676,0.0403064125198241,0.0279609973795916
"172",172,"E08000007","England","Stockport","North West","Metropolitan District",126,294197,2334,"Stockport",294197,0.217211596311315,0.06377359388437,0.121965893601906,0.13032083943752,0.136983041975275,0.129426880627607,0.104525199101282,0.0957929550607246,26589,"Stockport",0.920522460506575,0.0485817668343482,0.00691201129644339
"173",173,"E08000008","England","Tameside","North West","Metropolitan District",103,227117,2202,"Tameside",227117,0.224360131562146,0.0736448614590718,0.134701497466064,0.124816724419572,0.137396143837758,0.129065635773632,0.0984954891091376,0.0775195163726185,18738,"Tameside",0.909116193394248,0.0663538873994638,0.00813408473308895
"174",174,"E08000009","England","Trafford","North West","Metropolitan District",106,237579,2240,"Trafford",237579,0.238345981757647,0.0633726044810358,0.11321707726693,0.144760269215713,0.143110291734539,0.122754957298414,0.0904246587450911,0.0840141595006293,43106,"Trafford",0.855308105817864,0.0793236766146757,0.0288642321849429
"175",175,"E08000010","England","Wigan","North West","Metropolitan District",188,330712,1758,"Wigan",330712,0.209801882000048,0.0715637775466267,0.128226372190909,0.123466944047993,0.145283509518856,0.129889450639832,0.10759210430828,0.084175959747454,19020,"Wigan",0.972291874443525,0.011071294860138,0.00527923636695412
"176",176,"E08000011","England","Knowsley","North West","Metropolitan District",87,152452,1762,"Knowsley",152452,0.225887492456642,0.0789166426153806,0.141834807021226,0.114442578647706,0.124701545404455,0.140923044630441,0.0978996667803637,0.0753942224437856,28125,"Knowsley",0.972301618309309,0.00961663685029439,0.0034614409190297
"177",177,"E08000012","England","Liverpool","North West","Metropolitan District",112,500474,4475,"Liverpool",500474,0.193304747099749,0.138818400156652,0.171429484848364,0.125740797723758,0.110932835671783,0.112315524882411,0.0826176784408381,0.0648405311764447,30508,"Liverpool",0.888663529260423,0.0416002915858195,0.026388516664344
"178",178,"E08000013","England","St. Helens","North West","Metropolitan District",136,181095,1328,"St. Helens",181095,0.203721803473315,0.0712554184267926,0.131301250724758,0.117573649189652,0.136944697534443,0.133123498716143,0.112984897429526,0.0930947845053701,18695,"St. Helens",0.980035138156844,0.0100622903689506,0.00141465306774363
"179",179,"E08000014","England","Sefton","North West","Metropolitan District",157,275899,1762,"Sefton",275899,0.196078999923885,0.0665895853192654,0.112298341059591,0.108130149076292,0.131580759625805,0.148050554731985,0.121776447178134,0.115495163085042,18327,"Sefton",0.973815698162826,0.00993096899083239,0.00290733774060411
"180",180,"E08000015","England","Wirral","North West","Metropolitan District",161,324336,2015,"Wirral",324336,0.207904765428445,0.0685276996694786,0.115941492772927,0.114517044053081,0.133873513886833,0.139435646983375,0.118001085294263,0.101798751911598,19022,"Wirral",0.969654421904854,0.0159983488803345,0.00217334880215646
"181",181,"E08000016","England","Barnsley","Yorkshire and The Humber","Metropolitan District",329,248071,754,"Barnsley",248071,0.208089619504094,0.070080743013089,0.131063284301672,0.119058656594281,0.139701940170354,0.135852235851833,0.108420573142366,0.0877329474223106,19445,"Barnsley",0.977947504768165,0.0071836035654201,0.00528066222358696
"182",182,"E08000017","England","Doncaster","Yorkshire and The Humber","Metropolitan District",568,312785,551,"Doncaster",312785,0.215361989865243,0.0698339114727369,0.133500647409562,0.12302060520805,0.132806880125326,0.132615055069776,0.105858656904903,0.0870022539444027,22352,"Doncaster",0.950651781403562,0.0251784049047295,0.00772812349124675
"183",183,"E08000018","England","Rotherham","Yorkshire and The Humber","Metropolitan District",287,264984,925,"Rotherham",264984,0.216816864414455,0.0722760619509102,0.127049180327869,0.11805241071159,0.13634408115207,0.131758898650485,0.106251698215741,0.0914508045768801,21832,"Rotherham",0.935292288557214,0.0410097947761194,0.0082089552238806
"184",184,"E08000019","England","Sheffield","Yorkshire and The Humber","Metropolitan District",368,589214,1601,"Sheffield",589214,0.200942272247435,0.134195725152491,0.161401460250435,0.115450413601849,0.120918715441249,0.106345063084041,0.0831344808507605,0.0776118693717393,25315,"Sheffield",0.836236063817854,0.0803060622618501,0.0363344900831919
"185",185,"E08000021","England","Newcastle upon Tyne","North East","Metropolitan District",113,306824,2704,"Newcastle upon Tyne",306824,0.192038432456392,0.174451802988032,0.17367611399369,0.109000599692332,0.103756550986885,0.103169895444946,0.0779469663390087,0.0659596380987146,34577,"Newcastle upon Tyne",0.854352784132887,0.09674955474575,0.018416929298265
"186",186,"E08000022","England","North Tyneside","North East","Metropolitan District",82,208871,2537,"North Tyneside",208871,0.201162439974913,0.0657343527823393,0.121256660809782,0.132531562543388,0.137529862929751,0.137596889946426,0.113749634942141,0.0904385960712593,25336,"North Tyneside",0.966110726540206,0.0189989093679812,0.00365536028207031
"187",187,"E08000023","England","South Tyneside","North East","Metropolitan District",64,151133,2346,"South Tyneside",151133,0.200187913956581,0.0719697220329114,0.129448896005505,0.11660590340958,0.132307305485897,0.145593616218827,0.113595310091112,0.0902913327995871,15876,"South Tyneside",0.959244432142688,0.0223524408109258,0.00283540475402864
"188",188,"E08000024","England","Sunderland","North East","Metropolitan District",137,277846,2022,"Sunderland",277846,0.197825414078302,0.079468482540688,0.139465747212485,0.113973208180071,0.131025820058594,0.139537729533627,0.111846130590327,0.0868574678059069,29019,"Sunderland",0.959006337430038,0.0266273692768942,0.00462058902528439
"189",189,"E08000025","England","Birmingham","West Midlands","Metropolitan District",268,1140525,4259,"Birmingham",1140525,0.251207996317485,0.122632997961465,0.159144253742794,0.125494837903597,0.11457092128625,0.0959461651432454,0.0683378268779729,0.0626650007671905,27003,"Birmingham",0.578939373465232,0.266195732704593,0.0898005209473974
"190",190,"E08000026","England","Coventry","West Midlands","Metropolitan District",99,379387,3846,"Coventry",379387,0.212993592294939,0.143083447772327,0.192418295829852,0.120984641013003,0.106363686684046,0.0911443987274208,0.0690060545037126,0.0640058831747002,29608,"Coventry",0.737878596668349,0.162790257445734,0.0560449268046441
"191",191,"E08000027","England","Dudley","West Midlands","Metropolitan District",98,322363,3291,"Dudley",322363,0.215887058998706,0.0738018941379749,0.125532396708059,0.119080043305218,0.13691087376653,0.125116716248453,0.103839460483989,0.0998315563510701,19781,"Dudley",0.898793640648718,0.0605320763761285,0.0149268994167932
"192",192,"E08000028","England","Sandwell","West Midlands","Metropolitan District",86,329042,3846,"Sandwell",329042,0.252232237829821,0.0800171406689724,0.141124841205682,0.137088882270348,0.130168793041618,0.10954528601212,0.0784763039368834,0.0713465150345549,23231,"Sandwell",0.698980403359053,0.192356758195564,0.059588460801849
"193",193,"E08000029","England","Solihull","West Midlands","Metropolitan District",178,217487,1220,"Solihull",217487,0.22044995792852,0.0704271979474635,0.114995379034149,0.118361097444905,0.1374840795082,0.128518026364794,0.106093697554337,0.103670564217631,51751,"Solihull",0.891132895284361,0.0656154136466125,0.0156720245410647
"194",194,"E08000030","England","Walsall","West Midlands","Metropolitan District",104,286716,2758,"Walsall",286716,0.241964173607333,0.0797374405334896,0.134226900486893,0.124482065877035,0.129340532094477,0.115675441900696,0.0890776936062166,0.0854957518938601,19543,"Walsall",0.787834681776157,0.152315249718739,0.0236481845219309
"195",195,"E08000031","England","Wolverhampton","West Midlands","Metropolitan District",69,264407,3808,"Wolverhampton",264407,0.238461916666351,0.0785115371378216,0.143407701006403,0.12932713581713,0.131089570245871,0.113525738728551,0.08486159594867,0.0808148044492014,22447,"Wolverhampton",0.679332184230569,0.180222070790075,0.0693830921553694
"196",196,"E08000032","England","Bradford","Yorkshire and The Humber","Metropolitan District",366,542128,1480,"Bradford",542128,0.263072558510167,0.085369137915769,0.12798453501756,0.133343048136234,0.127158161910102,0.112159858926305,0.084092686597999,0.0668200129858631,21410,"Bradford",0.673524074938942,0.268252394478344,0.0177375146424935
"197",197,"E08000033","England","Calderdale","Yorkshire and The Humber","Metropolitan District",364,211439,581,"Calderdale",211439,0.217325091397519,0.0704127431552363,0.118800221340434,0.123993208443097,0.143672643173681,0.135561556761052,0.106565014022957,0.083669521706024,25710,"Calderdale",0.896387114499622,0.0827912042624592,0.00441062474856005
"198",198,"E08000034","England","Kirklees","Yorkshire and The Humber","Metropolitan District",409,441290,1080,"Kirklees",441290,0.22665367445444,0.0829091980330395,0.12676924471436,0.12640213918285,0.136955290171996,0.121303451245213,0.0984409345328469,0.0805660676652541,20736,"Kirklees",0.790876252787259,0.160446718963779,0.0187119192913852
"199",199,"E08000035","England","Leeds","Yorkshire and The Humber","Metropolitan District",552,798786,1448,"Leeds",798786,0.21355031259937,0.12967052502172,0.155288149767272,0.122916525827944,0.118060406667117,0.105548920486839,0.0832888908919285,0.0716762687378096,37937,"Leeds",0.85005023387027,0.0775038756595275,0.0344557775604303
"200",200,"E08000036","England","Wakefield","Yorkshire and The Humber","Metropolitan District",339,351592,1038,"Wakefield",351592,0.21327561491729,0.0681443263783021,0.13509124212155,0.123179708298255,0.139027622926574,0.130830621857153,0.104723656966029,0.0857272065348472,26585,"Wakefield",0.953406150928225,0.0260805249250392,0.00770937616047287
"201",201,"E08000037","England","Gateshead","North East","Metropolitan District",142,201950,1419,"Gateshead",201950,0.194112404060411,0.081525129982669,0.136197078484773,0.12855657340926,0.130225303292894,0.13179499876207,0.104223817776677,0.0933646942312454,25035,"Gateshead",0.962245397424756,0.0186700230753094,0.00539922283157022
"202",202,"E12000007","England","London","London","Region",1737,9787426,5630,"LONDON",9002488,0.22744767890832,0.0817929443504951,0.175499484142606,0.161888246893525,0.129794452378054,0.101560590805564,0.0664898414749345,0.0555267610465018,56199,"London",0.596926133917531,0.184922548376603,0.133184225332676
"203",203,"S12000006","Scotland","Dumfries and Galloway","Scotland","Council Area",6426,148290,23,"Dumfries and Galloway",148290,0.175588374131769,0.0661069525928923,0.101119428147549,0.0982399352619866,0.134756220918471,0.160799784206622,0.143239598084834,0.120149706655877,28137,"Dumfries and Galloway",0.987622584652798,0.00681980386455552,0.00131505907853348
"204",204,"S12000008","Scotland","East Ayrshire","Scotland","Council Area",1262,121600,96,"East Ayrshire",121600,0.192623355263158,0.0739638157894737,0.120238486842105,0.11453125,0.144498355263158,0.146743421052632,0.11796875,0.0894325657894737,18997,"East Ayrshire",0.988083116798488,0.00740426987708423,0.00119739017814233
"205",205,"S12000010","Scotland","East Lothian","Scotland","Council Area",679,107900,159,"East Lothian",107900,0.203290083410565,0.0678869323447637,0.111529193697868,0.119471733086191,0.144430027803522,0.147720111214087,0.11259499536608,0.0930769230769231,20624,"East Lothian",0.982761214236289,0.00957710320206183,0.0028681167704604
"206",206,"S12000014","Scotland","Falkirk","Scotland","Council Area",297,160560,540,"Falkirk",160560,0.194886646736423,0.0747882411559542,0.120484554060787,0.127852516193323,0.15140134529148,0.139661185849527,0.107872446437469,0.0830530642750374,28538,"Falkirk",0.98013975254824,0.0132893134175268,0.00212193089300596
"207",207,"S12000017","Scotland","Highland","Scotland","Council Area",25653,235430,9,"Highland",235430,0.184832009514505,0.0675869685256764,0.107730535615682,0.116573928556259,0.140946353480865,0.152958416514463,0.127940364439536,0.101431423353014,30563,"Highland",0.985172229593507,0.0080385298020092,0.00175331277032034
"208",208,"S12000021","Scotland","North Ayrshire","Scotland","Council Area",885,134250,152,"North Ayrshire",134250,0.187545623836127,0.0762160148975791,0.110949720670391,0.103061452513966,0.13942644320298,0.153027932960894,0.129139664804469,0.100633147113594,20102,"North Ayrshire",0.988736554080466,0.00686230509750554,0.00107133033167808
"209",209,"S12000026","Scotland","Scottish Borders","Scotland","Council Area",4732,115240,24,"Scottish Borders",115240,0.183894481082957,0.0664873307879209,0.0909753557792433,0.101371051718153,0.145635196112461,0.159258937868796,0.140550156195765,0.111827490454703,24297,"Scottish Borders",0.986528497409326,0.00643716518837271,0.00261701940809695
"210",210,"S12000028","Scotland","South Ayrshire","Scotland","Council Area",1222,112140,92,"South Ayrshire",112140,0.175280898876404,0.0702693062243624,0.100463706081684,0.101105760656322,0.136686285000892,0.157990012484395,0.139950062421973,0.118253968253968,25910,"South Ayrshire",0.986551299213645,0.00793446750414454,0.00123228042801798
"211",211,"S12000029","Scotland","South Lanarkshire","Scotland","Council Area",1772,320820,181,"South Lanarkshire",320820,0.193603890031794,0.0746586871142697,0.117003304033414,0.123760987469609,0.144673025372483,0.148432142634499,0.111685680443863,0.0861822829000686,25004,"South Lanarkshire",0.976394863461109,0.0164292769971003,0.00277538794888953
"212",212,"S12000033","Scotland","Aberdeen City","Scotland","Council Area",186,229060,1234,"Aberdeen City",229060,0.172011699991269,0.0992360080328298,0.185527809307605,0.144438138479001,0.12155767047935,0.117397188509561,0.0889286649786082,0.070902820221776,49088,"Aberdeen City",0.91760513122046,0.0427257588882954,0.0252700937641667
"213",213,"S12000034","Scotland","Aberdeenshire","Scotland","Council Area",6313,260780,41,"Aberdeenshire",260780,0.208555103919012,0.0640654958202316,0.106169951683411,0.129799064345425,0.148826597131682,0.142775519595061,0.115334764935961,0.0844735025692154,30478,"Aberdeenshire",0.984045728200243,0.00805224272946125,0.00300032019227348
"214",214,"S12000036","Scotland","City of Edinburgh","Scotland","Council Area",263,527620,2003,"City of Edinburgh",527620,0.165945187824571,0.106263977862856,0.199332853189796,0.146258671013229,0.120757363253857,0.109857473181456,0.0824646525908798,0.0691198210833554,49602,"City of Edinburgh",0.91639776260632,0.0551040018798807,0.0115499364281428
"215",215,"S12000038","Scotland","Renfrewshire","Scotland","Council Area",261,179390,686,"Renfrewshire",179390,0.188739617592954,0.0788449746362674,0.133775572774402,0.123044762807291,0.140632142259881,0.144578850549083,0.104264451753163,0.086119627626958,29508,"Renfrewshire",0.972265419534841,0.0177807761794772,0.00527705994008279
"216",216,"S12000040","Scotland","West Lothian","Scotland","Council Area",428,183820,430,"West Lothian",183820,0.214824284626265,0.0754052877815254,0.125432488303775,0.132711348057883,0.14985311717985,0.133657926232184,0.0971330649548471,0.070982482863671,30215,"West Lothian",0.975176737970968,0.016794390068411,0.00328350026839046
"217",217,"S12000041","Scotland","Angus","Scotland","Council Area",2181,115820,53,"Angus",115820,0.184942151614574,0.0699361077534105,0.104135727853566,0.111915040580211,0.137281989293732,0.149680538767052,0.131782075634605,0.110326368502849,21534,"Angus",0.985350669954647,0.00794116125472072,0.00172446498473848
"218",218,"S12000042","Scotland","Dundee City","Scotland","Council Area",60,148820,2489,"Dundee City",148820,0.179263539846795,0.119930116919769,0.171482327644134,0.118451820991802,0.111839806477624,0.124055906464185,0.09334766832415,0.0816288133315415,26961,"Dundee City",0.939525219328028,0.0396420132004237,0.00977130130102942
"219",219,"S12000045","Scotland","East Dunbartonshire","Scotland","Council Area",174,108750,623,"East Dunbartonshire",108750,0.201333333333333,0.0709609195402299,0.100634482758621,0.111779310344828,0.138050574712644,0.149811494252874,0.118997701149425,0.108432183908046,16961,"East Dunbartonshire",0.957810446936949,0.0327252299430617,0.00229466989126502
"220",220,"W06000002","Wales","Gwynedd","Wales","Unitary Authority",2535,125171,49,"Gwynedd",125171,0.185458293055101,0.107884414121482,0.128951594219108,0.0957090699922506,0.120978501410071,0.132834282701265,0.119252862084668,0.108930982416055,23318,"Gwynedd",0.963454059110229,0.0178052742996866,0.00237130150811494
"221",221,"W06000003","Wales","Conwy","Wales","Unitary Authority",1126,118184,105,"Conwy",118184,0.179245921613755,0.0659903201787044,0.0994466256007581,0.0976189670344547,0.129476071210993,0.14952108576457,0.142193528734854,0.13650747986191,19774,"Conwy",0.976186343597042,0.01086541465616,0.00172701079598709
"222",222,"W06000005","Wales","Flintshire","Wales","Unitary Authority",440,156847,357,"Flintshire",156847,0.205289230906552,0.0720256045700587,0.121213666821807,0.114646757668301,0.140123814927923,0.134430368448233,0.117668811006905,0.0946017456502196,33526,"Flintshire",0.98400062948343,0.00787509999606573,0.000931110907111851
"223",223,"W06000006","Wales","Wrexham","Wales","Unitary Authority",504,136055,270,"Wrexham",136055,0.212509646834001,0.0719635441549373,0.120664437176142,0.122031531365992,0.138326412112749,0.130550145161883,0.111822424754695,0.0921318584396016,27358,"Wrexham",0.968103883005547,0.0172124825724541,0.00463498561300466
"224",224,"W06000009","Wales","Pembrokeshire","Wales","Unitary Authority",1618,126751,78,"Pembrokeshire",126751,0.189402844947969,0.068015242483294,0.107060299327027,0.0970564334798148,0.127864868916222,0.148914012512722,0.140172464122571,0.121513834210381,23883,"Pembrokeshire",0.977360154852621,0.00973546010666536,0.00146195248246065
"225",225,"W06000010","Wales","Carmarthenshire","Wales","Unitary Authority",2370,190073,80,"Carmarthenshire",190073,0.196045729798551,0.0700941217321766,0.110147153988205,0.105927722506616,0.130486707738606,0.146901453652018,0.130691892062523,0.109705218521305,20981,"Carmarthenshire",0.979382621329111,0.0099958101394625,0.0015181442726783
"226",226,"W06000011","Wales","Swansea","Wales","Unitary Authority",378,246563,653,"Swansea",246563,0.189971731362775,0.114465674087353,0.137307706346857,0.115353885213921,0.122873261600483,0.121465913377108,0.105238823343324,0.0933230046681781,26216,"Swansea",0.939708730958945,0.0326453939579036,0.00829627274362718
"227",227,"W06000012","Wales","Neath Port Talbot","Wales","Unitary Authority",441,144386,327,"Neath Port Talbot",144386,0.194547947861981,0.0815175986591498,0.121950881664427,0.122581136675301,0.131273115121965,0.138593769479035,0.116112365464796,0.0934231850733451,21221,"Neath Port Talbot",0.979615483649472,0.00979172031013075,0.00213858610133608
"228",228,"W06000013","Wales","Bridgend","Wales","Unitary Authority",251,147539,588,"Bridgend",147539,0.198828784253655,0.0756342390825477,0.12694948454307,0.122110086146714,0.138349860037007,0.133652796887603,0.111170605738144,0.0933041433112601,25334,"Bridgend",0.97735992757476,0.0111296325568696,0.00226328873816264
"229",229,"W06000014","Wales","Vale of Glamorgan","Wales","Unitary Authority",331,135295,409,"Vale of Glamorgan",135295,0.206156916367937,0.0707860600909125,0.116478805573007,0.122547026867216,0.135230422410289,0.135651724010496,0.116013156435936,0.0971358882442071,17663,"Vale of Glamorgan",0.964230306484296,0.0155695921985816,0.00387063069908815
"230",230,"W06000015","Wales","Cardiff","Wales","Unitary Authority",141,369202,2620,"Cardiff",369202,0.204148406563345,0.145540923396948,0.170072209793013,0.122870406985878,0.110874263953066,0.103463686545577,0.0776756355599374,0.0653544672022362,35430,"Cardiff",0.845424600537433,0.0805715276373198,0.023696148400705
"231",231,"W06000016","Wales","Rhondda Cynon Taf","Wales","Unitary Authority",424,241873,570,"Rhondda Cynon Taf",241873,0.207125226875261,0.0854498021689068,0.136956171213819,0.119558611337355,0.13110185924018,0.126504405204384,0.107618460927842,0.0856854630322525,20811,"Rhondda Cynon Taff",0.973456763789941,0.0129260697069238,0.00557996672496907
"232",232,"W06000018","Wales","Caerphilly","Wales","Unitary Authority",277,181731,655,"Caerphilly",181731,0.207284392866379,0.0775211714016871,0.129768724103208,0.123677303266916,0.135161309848072,0.130296977400664,0.109898696424936,0.086391424688138,19735,"Caerphilly",0.983266780756798,0.00752771159804481,0.00135342214467076
"233",233,"W06000022","Wales","Newport","Wales","Unitary Authority",190,156447,822,"Newport",156447,0.227527533286033,0.0792984205513688,0.142655340147142,0.128944626614764,0.130267758410196,0.120935524490722,0.0913855810594003,0.0789852154403728,29600,"Newport",0.898480814623703,0.0547977164187298,0.0173944667069221
"234",234,"W06000023","Wales","Powys","Wales","Unitary Authority",5181,133030,26,"Powys",133030,0.179237765917462,0.064135909193415,0.0981958956626325,0.0907539652709915,0.133075246185071,0.157964368939337,0.148267308125987,0.128369540705104,20131,"Powys",0.982876609312959,0.00858801588256528,0.000992660329683552
